name,link_id,osm_way_id,from_node_id,to_node_id,dir_flag,length,lanes,free_speed,link_type_name,link_type,FT,AT,VDF,geometry,allowed_uses,from_biway
,0,2901206,724,747,1,166.557225,1,59,motorway,1,1,1,101,"LINESTRING (-112.0423395 33.4614843, -112.0416822 33.4614056, -112.0411917 33.4613469, -112.0405593 33.4612912)",auto,0
,1,5562629,2,857,1,47.75578209,1,59,motorway,1,1,1,101,"LINESTRING (-112.0375606 33.4521749, -112.0375987 33.4517466)",auto,0
,2,5563640,1880,5,1,239.9962809,2,59,motorway,1,1,1,101,"LINESTRING (-112.0880899 33.4611032, -112.0880508 33.4610969, -112.0855491 33.4606966)",auto,0
,3,5570019,774,734,1,106.3953537,2,59,motorway,1,1,1,101,"LINESTRING (-112.0666925 33.4616389, -112.0665217 33.4616286, -112.0664146 33.4616279, -112.0663288 33.4616308, -112.0662456 33.4616404, -112.0661704 33.4616508, -112.0660952 33.4616655, -112.0660306 33.4616825, -112.0659519 33.4617076, -112.0658528 33.4617438, -112.0657767 33.4617785, -112.0657006 33.4618161, -112.0656104 33.4618685)",auto,0
,4,5575203,815,630,1,281.6216322,1,59,motorway,1,1,1,101,"LINESTRING (-112.1081262 33.4466484, -112.1080445 33.4471063, -112.1079651 33.4477746, -112.107867 33.4486708, -112.1078363 33.4489608, -112.1078268 33.4490387, -112.1077726 33.4491593)",auto,0
,7,5582399,730,2017,1,222.6927886,1,59,motorway,1,1,1,101,"LINESTRING (-112.052926 33.4618392, -112.0522567 33.4617577, -112.0519195 33.4617526, -112.051597 33.4617414, -112.0511599 33.4617178, -112.050649 33.4616819, -112.0505359 33.4616743)",auto,0
,8,5582635,630,817,1,247.1189992,1,59,motorway,1,1,1,101,"LINESTRING (-112.1077726 33.4491593, -112.1078363 33.4494239, -112.1078735 33.4496947, -112.1079816 33.4505672, -112.1080363 33.4510488, -112.1081005 33.4513633)",auto,0
,1418,15667106,743,1606,1,82.72105426,1,59,motorway,1,1,1,101,"LINESTRING (-112.0293721 33.462451, -112.0295272 33.4624265, -112.029672 33.462393, -112.0298175 33.4623521, -112.0299729 33.4622829, -112.0300878 33.4622232, -112.0301792 33.4621602)",auto,0
Piestewa Freeway,1419,15780776,1965,851,1,239.8545714,2,59,motorway,1,1,1,101,"LINESTRING (-112.0370302 33.4490178, -112.0370195 33.4492569, -112.0369725 33.4497748, -112.0368814 33.450411, -112.0367849 33.4511644)",auto,0
,1428,18847482,739,1523,1,148.1669771,2,59,motorway,1,1,1,101,"LINESTRING (-112.0636789 33.4626872, -112.0638633 33.4627342, -112.0640792 33.4627761, -112.0642941 33.4628141, -112.0645299 33.4628559, -112.0646459 33.4628832, -112.0647569 33.4629228, -112.0648328 33.4629706, -112.064885 33.4630173, -112.064905 33.4630472, -112.0649458 33.4631081, -112.0649747 33.4631911, -112.0649782 33.4632585)",auto,0
Red Mountain Freeway,1429,18847485,725,724,1,308.4604625,3,65,motorway,1,1,1,101,"LINESTRING (-112.0456301 33.4618093, -112.0441814 33.4617653, -112.0439025 33.4617519, -112.0437417 33.4617304, -112.0435517 33.4617071, -112.0423395 33.4614843)",auto,0
,1430,18848361,713,821,1,289.2780456,1,65,motorway,1,1,1,101,"LINESTRING (-112.0338147 33.462523, -112.0344969 33.4625983, -112.0353343 33.4627214, -112.0358502 33.4627616, -112.0361531 33.4627382, -112.0363991 33.4626921, -112.0366208 33.462633, -112.0368697 33.4625399)",auto,0
,1431,18848413,744,1480,1,24.5257391,1,45,motorway,1,1,1,101,"LINESTRING (-112.0383632 33.4648061, -112.0384112 33.4645892)",auto,0
,1432,18848439,704,1877,1,38.69976773,2,45,motorway,1,1,1,101,"LINESTRING (-112.0382178 33.4655387, -112.0383153 33.4652237, -112.0383179 33.4652011)",auto,0
,1433,18848603,1506,1507,1,14.38153669,1,59,motorway,1,1,1,101,"LINESTRING (-112.0476478 33.4626233, -112.0478028 33.462626)",auto,0
,1434,18848603,1507,2018,1,55.44595631,1,59,motorway,1,1,1,101,"LINESTRING (-112.0478028 33.462626, -112.047917 33.4626268, -112.0484005 33.4626247)",auto,0
,1435,18849387,734,1529,1,42.84638207,2,59,motorway,1,1,1,101,"LINESTRING (-112.0656104 33.4618685, -112.0655294 33.4619254, -112.0654559 33.4619848, -112.0653695 33.4620559, -112.0653306 33.4620906, -112.0652807 33.4621377)",auto,0
,1436,18849458,739,889,1,104.736052,2,59,motorway,1,1,1,101,"LINESTRING (-112.0636789 33.4626872, -112.0638798 33.4626989, -112.0639707 33.462704, -112.0640607 33.4627073, -112.064161 33.4627079, -112.0642485 33.4627021, -112.0643384 33.4626875, -112.0644248 33.462667, -112.0645334 33.4626329, -112.0646203 33.4625944, -112.0646898 33.4625628, -112.0647611 33.4625267)",auto,0
,1437,23690818,750,751,1,91.80583998,1,59,motorway,1,1,1,101,"LINESTRING (-112.0303393 33.4629383, -112.0303883 33.4627714, -112.0303911 33.4626854, -112.0303989 33.4626492, -112.0304261 33.4626027, -112.0304575 33.462559, -112.0305172 33.4625044, -112.030562 33.4624773, -112.0306288 33.4624532, -112.0306993 33.4624415, -112.0308072 33.4624432, -112.0309224 33.4624597)",auto,0
,1438,23690828,868,752,1,427.5666353,1,59,motorway,1,1,1,101,"LINESTRING (-112.0364433 33.4616985, -112.0357901 33.4617405, -112.0355199 33.4617624, -112.0352541 33.4617807, -112.0348592 33.4617948, -112.0343099 33.4617948, -112.0340565 33.4617836, -112.0338312 33.4617618, -112.033617 33.4617304, -112.0333714 33.4616762, -112.0329138 33.4615901, -112.0323087 33.4614653, -112.0320854 33.4614378, -112.0318845 33.4614315)",auto,0
,1439,23690832,753,1436,1,107.3169073,2,59,motorway,1,1,1,101,"LINESTRING (-112.0313342 33.4614973, -112.030912 33.4615561, -112.0308146 33.4615776, -112.0307509 33.461586, -112.030661 33.4615871, -112.0305886 33.4615726, -112.0305048 33.4615368, -112.0304655 33.4615148, -112.0304076 33.4614637, -112.0303719 33.4614183, -112.0303295 33.4613351)",auto,0
,1440,23690853,819,756,1,325.6701535,1,59,motorway,1,1,1,101,"LINESTRING (-112.0374263 33.4622604, -112.0375315 33.4626784, -112.037583 33.4630365, -112.0375936 33.4633012, -112.0375644 33.4635752, -112.0375301 33.4637945, -112.037503 33.46419, -112.0375161 33.4645396, -112.0376145 33.4651683)",auto,0
,1449,23690942,756,1349,1,73.23596219,2,59,motorway,1,1,1,101,"LINESTRING (-112.0376145 33.4651683, -112.0377015 33.4653087, -112.0377629 33.4654453, -112.0378312 33.4655466, -112.0378934 33.46564, -112.0380031 33.4657346)",auto,0
,1450,23690959,1366,1369,1,21.70522535,2,59,motorway,1,1,1,101,"LINESTRING (-112.0383997 33.4657427, -112.0381912 33.4658313)",auto,0
,1451,23691306,762,1355,1,121.5753519,2,45,motorway,1,1,1,101,"LINESTRING (-112.0386716 33.4668931, -112.0386782 33.4666866, -112.0386111 33.4663946, -112.038587 33.4662732, -112.0385782 33.466177, -112.0385863 33.4661071, -112.0386031 33.4660584, -112.0386252 33.4660276, -112.0386619 33.4659822, -112.0387217 33.4659464, -112.0388263 33.4659041)",auto,0
,1452,23691311,1371,1368,1,17.37479474,2,59,motorway,1,1,1,101,"LINESTRING (-112.0378218 33.4658951, -112.0379876 33.4658224)",auto,0
,1453,23691312,764,763,1,108.8422063,1,59,motorway,1,1,1,101,"LINESTRING (-112.0391088 33.465744, -112.038972 33.4657075, -112.0388762 33.4656696, -112.0388048 33.4656264, -112.0387441 33.465579, -112.0386963 33.465522, -112.0386633 33.4654513, -112.0386487 33.4653776, -112.0386372 33.4652928, -112.0386382 33.4651344, -112.0386206 33.4649713)",auto,0
,1454,23691337,661,765,1,395.0558097,1,65,motorway,1,1,1,101,"LINESTRING (-112.0472522 33.4618543, -112.0467189 33.4619042, -112.0457452 33.46193, -112.0447878 33.4619632, -112.0440289 33.4619767, -112.0433852 33.4619624, -112.0429986 33.4619585)",auto,0
,1496,23699152,705,783,1,1106.534862,1,45,motorway,1,1,1,101,"LINESTRING (-112.0382399 33.4647462, -112.0381995 33.4642653, -112.0381669 33.4637818, -112.0380595 33.4633483, -112.037905 33.4628757, -112.0372613 33.4616871, -112.0370419 33.4612568, -112.0368922 33.460792, -112.0368303 33.4605624, -112.0367885 33.4603673, -112.0367396 33.459983, -112.0367354 33.4596732, -112.0368407 33.457942, -112.036776 33.4556846, -112.0367648 33.4552944, -112.0367725 33.4550068)",auto,0
,1497,23701463,786,824,1,205.8389831,1,45,motorway,1,1,1,101,"LINESTRING (-112.0381346 33.4464787, -112.0381658 33.4462991, -112.0381969 33.4459404, -112.0382168 33.4455186, -112.0381998 33.4446308)",auto,0
,1498,23701518,791,846,1,258.6020598,1,65,motorway,1,1,1,101,"LINESTRING (-112.0371312 33.4447553, -112.0372506 33.445237, -112.0372714 33.44538, -112.0373059 33.4458699, -112.0373322 33.4462058, -112.037338 33.4465216, -112.0373322 33.4470681)",auto,0
,1499,23701540,771,1843,1,705.6981371,1,59,motorway,1,1,1,101,"LINESTRING (-112.0609673 33.462112, -112.061709 33.4620481, -112.0623387 33.4620641, -112.0632264 33.4621314, -112.0640285 33.4621808, -112.0648566 33.462232, -112.0662438 33.4623226, -112.0669716 33.4623858, -112.067682 33.4624222, -112.0679177 33.4624399, -112.0684267 33.4624587, -112.0685514 33.462457)",auto,0
,1500,23701656,1104,662,1,782.9260811,1,59,motorway,1,1,1,101,"LINESTRING (-112.0693488 33.4623627, -112.0692494 33.4623642, -112.0690822 33.4623821, -112.0684082 33.4624056, -112.0679238 33.4623921, -112.0676822 33.4623747, -112.0669753 33.4623307, -112.0662453 33.4622653, -112.0648623 33.4621482, -112.0640337 33.4620652, -112.0632392 33.4619956, -112.0623612 33.4619021, -112.0617271 33.4618466, -112.0609567 33.4617401)",auto,0
,1501,23701664,795,796,1,185.7904104,1,59,motorway,1,1,1,101,"LINESTRING (-112.0779157 33.4616656, -112.0780142 33.4616465, -112.0786264 33.4615881, -112.0791025 33.4615215, -112.0795054 33.4614526, -112.0797627 33.4614084, -112.0798877 33.4613826)",auto,1
,1502,23701664,796,795,1,185.7904104,1,59,motorway,1,1,1,101,"LINESTRING (-112.0798877 33.4613826, -112.0797627 33.4614084, -112.0795054 33.4614526, -112.0791025 33.4615215, -112.0786264 33.4615881, -112.0780142 33.4616465, -112.0779157 33.4616656)",auto,1
,1503,23701686,1360,798,1,862.7905001,1,59,motorway,1,1,1,101,"LINESTRING (-112.0908468 33.4614707, -112.0902167 33.4614878, -112.089392 33.4614058, -112.087861 33.4612699, -112.0846767 33.4609978, -112.0836038 33.4609405, -112.0829 33.4609548, -112.0817407 33.4610414, -112.0815964 33.4610912)",auto,0
,1504,23701691,799,800,1,111.6151066,4,59,motorway,1,1,1,101,"LINESTRING (-112.0769519 33.4619286, -112.0781548 33.4619513)",auto,0
,1505,23701702,802,805,1,57.51452836,2,59,motorway,1,1,1,101,"LINESTRING (-112.0815892 33.461563, -112.0817408 33.4615205, -112.0818454 33.4614982, -112.0819446 33.4614758, -112.082013 33.4614523, -112.0820855 33.4614198, -112.0821659 33.4613807)",auto,0
,1506,23701706,807,808,1,100.5699653,2,59,motorway,1,1,1,101,"LINESTRING (-112.0842098 33.4604879, -112.0839923 33.4604743, -112.0838749 33.4604648, -112.0837743 33.4604614, -112.0836919 33.4604637, -112.083608 33.4604709, -112.0835074 33.4604877, -112.0834189 33.460509, -112.0833331 33.4605364, -112.0832466 33.46057, -112.0831614 33.4606114)",auto,0
,1517,23714781,816,1886,1,199.1878889,1,59,motorway,1,1,1,101,"LINESTRING (-112.1083224 33.4501203, -112.1083901 33.4497735, -112.1084298 33.449452, -112.1084881 33.4490351, -112.1085418 33.4486182, -112.1085732 33.4483417)",auto,0
Papago Freeway,1518,28234534,725,718,1,1179.474611,4,65,motorway,1,1,1,101,"LINESTRING (-112.0456301 33.4618093, -112.0409339 33.4617858, -112.0404059 33.461738, -112.0400025 33.4616592, -112.039642 33.461559, -112.0393245 33.4614229, -112.0389039 33.4611795, -112.0386226 33.4609858, -112.0383116 33.460714, -112.0380627 33.4604419, -112.0378482 33.4601412, -112.0376937 33.4598619, -112.0375821 33.4595325, -112.0375134 33.4592389, -112.0374638 33.4588949, -112.0374588 33.4579432, -112.0375098 33.4567046)",auto,0
,1521,28885499,1315,822,1,28.82261147,1,45,motorway,1,1,1,101,"LINESTRING (-112.0369377 33.444417, -112.0368813 33.4446719)",auto,0
,1522,28885500,822,1318,1,129.3735007,1,45,motorway,1,1,1,101,"LINESTRING (-112.0368813 33.4446719, -112.0367813 33.4451583, -112.0367222 33.4455385, -112.0366779 33.4458227)",auto,0
Papago Freeway,1523,28885504,791,845,1,257.3625016,5,65,motorway,1,1,1,101,"LINESTRING (-112.0371312 33.4447553, -112.0371207 33.4470698)",auto,0
Papago Freeway,1552,29320919,1841,662,1,520.3286242,5,65,motorway,1,1,1,101,"LINESTRING (-112.0665452 33.4621324, -112.0662498 33.462109, -112.0648726 33.4619994, -112.0640395 33.4619345, -112.0632137 33.4618725, -112.0623735 33.4618137, -112.0617753 33.4617689, -112.0609567 33.4617401)",auto,0
Papago Freeway,1679,30021829,845,624,1,72.40700887,5,65,motorway,1,1,1,101,"LINESTRING (-112.0371207 33.4470698, -112.037088 33.4477204)",auto,0
,1680,30021838,846,792,1,161.6250481,1,65,motorway,1,1,1,101,"LINESTRING (-112.0373322 33.4470681, -112.0373212 33.4485216)",auto,0
,1681,30021843,847,787,1,255.8575423,1,65,motorway,1,1,1,101,"LINESTRING (-112.0373872 33.4470585, -112.037399 33.4465658, -112.0374311 33.4462432, -112.0374618 33.4458579, -112.037596 33.4447653)",auto,0
,1682,30021845,784,847,1,163.0349518,1,65,motorway,1,1,1,101,"LINESTRING (-112.0373812 33.4485247, -112.0373872 33.4470585)",auto,0
Papago Freeway,1683,30021847,848,787,1,255.1021132,4,65,motorway,1,1,1,101,"LINESTRING (-112.0375775 33.4470594, -112.0375794 33.4458632, -112.037596 33.4447653)",auto,0
Papago Freeway,1684,30021848,849,848,1,167.5710342,4,65,motorway,1,1,1,101,"LINESTRING (-112.0375808 33.4485664, -112.0375775 33.4470594)",auto,0
Papago Freeway,1685,30021873,1966,853,1,292.7752071,4,65,motorway,1,1,1,101,"LINESTRING (-112.0371057 33.4485412, -112.0371135 33.4492903, -112.0371009 33.4503845, -112.0371061 33.4511741)",auto,0
,1686,30021879,792,855,1,293.2028482,1,65,motorway,1,1,1,101,"LINESTRING (-112.0373212 33.4485216, -112.0373131 33.4502577, -112.0373116 33.450743, -112.0373167 33.4511584)",auto,0
,1687,30021897,850,789,1,32.7007929,2,59,motorway,1,1,1,101,"LINESTRING (-112.0364267 33.4512468, -112.0363848 33.4515388)",auto,0
,1688,30021898,789,785,1,447.7113798,1,59,motorway,1,1,1,101,"LINESTRING (-112.0363848 33.4515388, -112.0362848 33.4520347, -112.0362639 33.4523062, -112.0362462 33.4527213, -112.0362398 33.4531726, -112.0362734 33.4535931, -112.0363386 33.4540148, -112.0364334 33.4546664, -112.0365537 33.4555424)",auto,0
Piestewa Freeway,1689,30021900,851,852,1,55.04788878,2,55,motorway,1,1,1,101,"LINESTRING (-112.0367849 33.4511644, -112.0367283 33.4516572)",auto,0
Piestewa Freeway,1690,30021903,852,785,1,433.1785031,2,55,motorway,1,1,1,101,"LINESTRING (-112.0367283 33.4516572, -112.0366502 33.4521679, -112.036602 33.4525578, -112.0365422 33.4530541, -112.0365164 33.4534453, -112.0365112 33.4537336, -112.0364972 33.4540058, -112.036501 33.4544326, -112.0365537 33.4555424)",auto,0
Papago Freeway,1691,30021910,853,854,1,65.27412259,4,65,motorway,1,1,1,101,"LINESTRING (-112.0371061 33.4511741, -112.0370997 33.4517611)",auto,0
Papago Freeway,1692,30021911,854,717,1,527.0591132,4,65,motorway,1,1,1,101,"LINESTRING (-112.0370997 33.4517611, -112.0370406 33.4565008)",auto,0
Papago Freeway,1693,30021911,717,719,1,1285.106654,4,65,motorway,1,1,1,101,"LINESTRING (-112.0370406 33.4565008, -112.037007 33.4588666, -112.0370671 33.4592962, -112.0371806 33.4597112, -112.0373074 33.4600481, -112.0375068 33.4603987, -112.0377108 33.4606854, -112.0379531 33.46095, -112.038266 33.4611866, -112.0385627 33.4614011, -112.0387693 33.4615373, -112.0390007 33.4616709, -112.0394846 33.4618619, -112.0400513 33.4620315, -112.0404838 33.4621064, -112.0410331 33.4621447, -112.0443752 33.4621677, -112.0450601 33.4621765, -112.0458437 33.4622046)",auto,0
,1694,30021914,855,793,1,431.7251342,1,65,motorway,1,1,1,101,"LINESTRING (-112.0373167 33.4511584, -112.0373165 33.4517634, -112.0372974 33.4524882, -112.0372703 33.4527156, -112.037242 33.4528698, -112.03719 33.4531085, -112.037137 33.4533149, -112.0370638 33.45355, -112.0369801 33.4537819, -112.0368798 33.4540452, -112.0368333 33.4542069, -112.0368001 33.4543337, -112.0367515 33.4545917, -112.036714 33.4547862, -112.036699 33.4549846)",auto,0
,1695,30021922,856,784,1,292.1673145,1,65,motorway,1,1,1,101,"LINESTRING (-112.0373868 33.4511522, -112.0373879 33.4507738, -112.0373906 33.4502501, -112.0373812 33.4485247)",auto,0
,1696,30021930,857,3,1,62.39689662,1,59,motorway,1,1,1,101,"LINESTRING (-112.0375987 33.4517466, -112.0376398 33.4511865)",auto,0
Papago Freeway,1697,30021935,1851,849,1,205.9840759,4,65,motorway,1,1,1,101,"LINESTRING (-112.0375785 33.4504188, -112.0375841 33.450224, -112.0375817 33.4495523, -112.0375808 33.4485664)",auto,0
Papago Freeway,1698,30021936,859,858,1,79.14452239,5,65,motorway,1,1,1,101,"LINESTRING (-112.0375453 33.4517407, -112.0375636 33.4510291)",auto,0
,1699,30021966,790,860,1,69.97644566,1,59,motorway,1,1,1,101,"LINESTRING (-112.0364904 33.4524777, -112.0366763 33.4530876)",auto,0
,1700,30021967,860,717,1,381.8978016,1,59,motorway,1,1,1,101,"LINESTRING (-112.0366763 33.4530876, -112.0368545 33.4538262, -112.0369354 33.4543771, -112.036948 33.4545692, -112.0369611 33.454921, -112.0369611 33.4551494, -112.0369587 33.4552592, -112.0370406 33.4565008)",auto,0
,1701,30022001,793,711,1,779.4021588,1,55,motorway,1,1,1,101,"LINESTRING (-112.036699 33.4549846, -112.0366716 33.4554004, -112.036677 33.4556841, -112.0367317 33.4579187, -112.0366802 33.4594654, -112.0366802 33.4600526, -112.0367317 33.4604965, -112.0368432 33.4609548, -112.0372552 33.4619215)",auto,0
,1702,30022003,783,856,1,435.1757869,1,65,motorway,1,1,1,101,"LINESTRING (-112.0367725 33.4550068, -112.0368056 33.4547381, -112.0368449 33.4545204, -112.0368889 33.454366, -112.0369457 33.4541635, -112.0370099 33.4540036, -112.0371028 33.4537568, -112.037161 33.4535981, -112.0372434 33.4533092, -112.0372941 33.4531122, -112.0373359 33.4529104, -112.0373677 33.4526659, -112.0373858 33.4524424, -112.0373835 33.4517626, -112.0373868 33.4511522)",auto,0
,1705,30022242,864,871,1,83.91746136,1,45,motorway,1,1,1,101,"LINESTRING (-112.0347353 33.4613467, -112.0342833 33.461434, -112.0338533 33.4615144)",auto,0
,1706,30022256,861,864,1,482.0205219,1,45,motorway,1,1,1,101,"LINESTRING (-112.0388219 33.4628026, -112.0387816 33.462585, -112.0386671 33.4622902, -112.0385741 33.4621306, -112.038415 33.4619024, -112.0382653 33.4617414, -112.0380826 33.4615802, -112.0379415 33.4614878, -112.0377726 33.4613984, -112.0374567 33.4612557, -112.0371512 33.46116, -112.0367162 33.4610916, -112.0364223 33.4610827, -112.0361453 33.461093, -112.0359313 33.461133, -112.0354456 33.4612209, -112.0347353 33.4613467)",auto,0
Piestewa Freeway,1707,30022321,745,718,1,328.1170382,2,55,motorway,1,1,1,101,"LINESTRING (-112.0381287 33.4595994, -112.0379407 33.4590546, -112.0378484 33.4587881, -112.0378018 33.4586506, -112.0377537 33.4584584, -112.0377037 33.4582398, -112.0376419 33.4579391, -112.0376125 33.4577412, -112.0375724 33.4574097, -112.0375098 33.4567046)",auto,0
,1708,30022323,865,745,1,55.55378329,1,59,motorway,1,1,1,101,"LINESTRING (-112.0382243 33.4600926, -112.0381287 33.4595994)",auto,0
,1709,30022340,749,865,1,160.3623977,1,59,motorway,1,1,1,101,"LINESTRING (-112.0380071 33.4615066, -112.038133 33.4612058, -112.0381978 33.4609992, -112.0382264 33.4608442, -112.0382532 33.4605184, -112.0382474 33.4603398, -112.0382243 33.4600926)",auto,0
Piestewa Freeway,1710,30022348,866,729,1,180.5996812,2,55,motorway,1,1,1,101,"LINESTRING (-112.0383669 33.4616852, -112.0383961 33.4612065, -112.0384134 33.4608865, -112.0383906 33.4605139, -112.0383674 33.4603326, -112.0383133 33.4600673)",auto,0
,1711,30022356,867,749,1,70.18190905,1,59,motorway,1,1,1,101,"LINESTRING (-112.0376078 33.4620412, -112.0377122 33.46192, -112.0378268 33.4617858, -112.0380071 33.4615066)",auto,0
,1712,30022360,821,867,1,88.89902677,1,59,motorway,1,1,1,101,"LINESTRING (-112.0368697 33.4625399, -112.0371716 33.4623914, -112.0374448 33.4622034, -112.0376078 33.4620412)",auto,0
Red Mountain Freeway,1713,30022372,770,868,1,346.3157512,2,59,motorway,1,1,1,101,"LINESTRING (-112.0401161 33.461185, -112.0397398 33.4611851, -112.0394043 33.4612109, -112.0391834 33.4612312, -112.0388833 33.4612719, -112.0382835 33.4613909, -112.0377013 33.4615007, -112.0373115 33.4615705, -112.0369438 33.4616256, -112.0364433 33.4616985)",auto,0
Red Mountain Freeway,1714,30022597,868,0,1,351.200214,2,59,motorway,1,1,1,101,"LINESTRING (-112.0364433 33.4616985, -112.0357976 33.4618158, -112.0352569 33.4618797, -112.0348578 33.4619176, -112.0340414 33.4619611, -112.0335858 33.4619656, -112.0326826 33.4619887)",auto,0
,1715,30022603,747,748,1,374.2917588,1,65,motorway,1,1,1,101,"LINESTRING (-112.0405593 33.4612912, -112.0400197 33.4613012, -112.0394274 33.4613298, -112.0390412 33.4613943, -112.0386121 33.4615017, -112.038243 33.4616592, -112.0380213 33.4618051, -112.0378253 33.4619552, -112.0375907 33.4621891, -112.0375054 33.4623452, -112.037411 33.4625815, -112.0373681 33.4627676)",auto,0
,1716,30022609,748,880,1,85.89155885,1,65,motorway,1,1,1,101,"LINESTRING (-112.0373681 33.4627676, -112.0373418 33.4630125, -112.0373604 33.4632793, -112.0374539 33.4635266)",auto,0
,1717,30022669,766,0,1,366.0583364,1,65,motorway,1,1,1,101,"LINESTRING (-112.0366272 33.462054, -112.0358189 33.4620292, -112.035261 33.4620209, -112.0348567 33.4620198, -112.0340358 33.4620277, -112.0335832 33.4620158, -112.0326826 33.4619887)",auto,0
,1718,30022672,767,768,1,591.4169379,1,65,motorway,1,1,1,101,"LINESTRING (-112.0366304 33.4621132, -112.037001 33.4621241, -112.0374028 33.4621343, -112.037709 33.4621271, -112.0380373 33.4621056, -112.039025 33.4620412, -112.0396344 33.4619982, -112.0402524 33.461991, -112.0410334 33.461991, -112.0416514 33.4619982, -112.0429989 33.4620125)",auto,0
,1719,30022682,768,769,1,346.3291793,1,65,motorway,1,1,1,101,"LINESTRING (-112.0429989 33.4620125, -112.0443701 33.4620369, -112.0450638 33.4620661, -112.0458293 33.4621105, -112.0467187 33.4622253)",auto,0
,1720,30022688,765,766,1,591.7103604,1,65,motorway,1,1,1,101,"LINESTRING (-112.0429986 33.4619585, -112.0417369 33.4619442, -112.0406472 33.4619266, -112.0399004 33.4619338, -112.0389992 33.4619767, -112.0380342 33.4620447, -112.0377091 33.4620674, -112.0374114 33.462077, -112.0369948 33.4620702, -112.0366272 33.462054)",auto,0
Red Mountain Freeway,1721,30022761,180,869,1,184.9367353,2,65,motorway,1,1,1,101,"LINESTRING (-112.0366356 33.4622066, -112.0370127 33.4622265, -112.0377087 33.4622783, -112.0386207 33.4623581)",auto,0
,1722,30022809,870,726,1,151.9524552,1,59,motorway,1,1,1,101,"LINESTRING (-112.0338348 33.4614572, -112.0335227 33.4615226, -112.0327334 33.461683, -112.032249 33.4617987)",auto,0
,1723,30022812,871,726,1,152.2077762,1,45,motorway,1,1,1,101,"LINESTRING (-112.0338533 33.4615144, -112.0335352 33.4615781, -112.0327506 33.4617285, -112.032249 33.4617987)",auto,0
,1724,30022817,726,727,1,149.4030722,2,59,motorway,1,1,1,101,"LINESTRING (-112.032249 33.4617987, -112.0318983 33.4618403, -112.0315379 33.4618669, -112.0311061 33.4618889, -112.0306513 33.4619563)",auto,0
,1725,30022823,712,713,1,180.7614255,1,65,motorway,1,1,1,101,"LINESTRING (-112.0318863 33.4622899, -112.0322627 33.4623319, -112.0327008 33.4623905, -112.0338147 33.462523)",auto,0
,1726,30022824,713,879,1,354.0762994,1,50,motorway,1,1,1,101,"LINESTRING (-112.0338147 33.462523, -112.0345248 33.4626499, -112.0355908 33.4628622, -112.0358998 33.4629123, -112.0362517 33.462991, -112.036579 33.4631212, -112.0368697 33.4632775, -112.0370591 33.4634192, -112.0372908 33.4636412)",auto,0
Red Mountain Freeway,1727,30022845,727,877,1,98.12004855,5,65,motorway,1,1,1,101,"LINESTRING (-112.0306513 33.4619563, -112.029594 33.4619311)",auto,0
,1728,30022848,872,767,1,553.6047797,1,65,motorway,1,1,1,101,"LINESTRING (-112.0306638 33.4620941, -112.0340316 33.4620761, -112.0348561 33.4620712, -112.0352624 33.4620711, -112.0358238 33.462078, -112.0366304 33.4621132)",auto,0
Red Mountain Freeway,1729,30022851,873,619,1,434.5694923,2,65,motorway,1,1,1,101,"LINESTRING (-112.0306692 33.4621561, -112.0311448 33.4621575, -112.0315584 33.4621619, -112.0318897 33.4621641, -112.0322584 33.4621647, -112.0326906 33.4621643, -112.0335757 33.4621607, -112.0340246 33.4621591, -112.0348552 33.4621531, -112.0353536 33.4621638)",auto,0
Red Mountain Freeway,1730,30022851,619,180,1,119.0343946,2,65,motorway,1,1,1,101,"LINESTRING (-112.0353536 33.4621638, -112.0358331 33.4621715, -112.0366356 33.4622066)",auto,0
,1731,30022854,874,712,1,112.9187712,1,65,motorway,1,1,1,101,"LINESTRING (-112.0306737 33.4622078, -112.0311547 33.462226, -112.0315649 33.4622552, -112.0318863 33.4622899)",auto,0
,1732,30022860,1102,874,1,26.42399086,1,65,motorway,1,1,1,101,"LINESTRING (-112.0303931 33.4621669, -112.0306737 33.4622078)",auto,0
Red Mountain Freeway,1733,30022864,875,1102,1,74.03815397,3,65,motorway,1,1,1,101,"LINESTRING (-112.029595 33.4621728, -112.0303931 33.4621669)",auto,0
,1734,30022879,876,872,1,99.26619756,1,65,motorway,1,1,1,101,"LINESTRING (-112.0295938 33.4621056, -112.0306638 33.4620941)",auto,0
,1735,30022917,878,861,1,116.5247518,1,45,motorway,1,1,1,101,"LINESTRING (-112.038638 33.4638315, -112.0387371 33.4635573, -112.0387872 33.4633588, -112.0388161 33.4632008, -112.0388324 33.4630035, -112.0388219 33.4628026)",auto,0
,1736,30022918,2020,716,1,199.8335169,1,45,motorway,1,1,1,101,"LINESTRING (-112.0396383 33.4629189, -112.0397984 33.4628332, -112.0401847 33.4627067, -112.0405199 33.462636, -112.040982 33.4625833, -112.0417055 33.4624668)",auto,0
,1737,30022923,744,1481,1,24.54998591,1,45,motorway,1,1,1,101,"LINESTRING (-112.0383632 33.4648061, -112.0384297 33.4645924)",auto,0
,1738,30022935,728,714,1,77.7869727,1,65,motorway,1,1,1,101,"LINESTRING (-112.0377114 33.4643286, -112.0377766 33.4644965, -112.0379308 33.4650035)",auto,0
,1739,30022937,879,728,1,86.39502053,1,65,motorway,1,1,1,101,"LINESTRING (-112.0372908 33.4636412, -112.0374539 33.4638202, -112.0375744 33.4640389, -112.0377114 33.4643286)",auto,0
,1740,30022942,880,881,1,66.13261421,1,65,motorway,1,1,1,101,"LINESTRING (-112.0374539 33.4635266, -112.0375993 33.4638646, -112.037696 33.464086)",auto,0
,1741,30022945,881,714,1,104.6954525,1,65,motorway,1,1,1,101,"LINESTRING (-112.037696 33.464086, -112.0377859 33.4643141, -112.0378659 33.4645657, -112.0379308 33.4650035)",auto,0
Piestewa Freeway,1742,30022953,704,705,1,88.14582145,3,55,motorway,1,1,1,101,"LINESTRING (-112.0382178 33.4655387, -112.0382399 33.4647462)",auto,0
Piestewa Freeway,1743,30022955,715,883,1,79.28264744,5,55,motorway,1,1,1,101,"LINESTRING (-112.0380006 33.4655555, -112.0379971 33.4662685)",auto,0
Piestewa Freeway,1744,30022998,882,704,1,79.02335194,5,55,motorway,1,1,1,101,"LINESTRING (-112.0382301 33.4662493, -112.0382178 33.4655387)",auto,0
Piestewa Freeway,1745,30022999,883,1062,1,165.4983898,5,55,motorway,1,1,1,101,"LINESTRING (-112.0379971 33.4662685, -112.0379939 33.4669019, -112.0380218 33.4673138, -112.0381151 33.4677493)",auto,0
,1753,30023361,737,738,1,95.30526094,2,59,motorway,1,1,1,101,"LINESTRING (-112.0647926 33.4618294, -112.0647202 33.461769, -112.0646303 33.4617086, -112.0645089 33.4616463, -112.0643863 33.4615976, -112.064273 33.4615615, -112.0641423 33.4615343, -112.0639975 33.4615177, -112.0638684 33.461518)",auto,0
,1754,30023377,889,1524,1,40.07488262,2,59,motorway,1,1,1,101,"LINESTRING (-112.0647611 33.4625267, -112.0648533 33.4624654, -112.0649105 33.4624235, -112.0649697 33.4623778, -112.0650292 33.4623281, -112.0650748 33.4622804)",auto,0
,1755,30023438,773,721,1,69.63869021,1,59,motorway,1,1,1,101,"LINESTRING (-112.0691769 33.4627103, -112.0698897 33.4625138)",auto,0
Deck Park Tunnel,1756,30023440,721,799,1,658.3439202,6,65,motorway,1,1,1,101,"LINESTRING (-112.0698897 33.4625138, -112.0769519 33.4619286)",auto,0
Deck Park Tunnel,1757,30023440,799,732,1,106.4382554,6,65,motorway,1,1,1,101,"LINESTRING (-112.0769519 33.4619286, -112.0780948 33.4618439)",auto,0
Deck Park Tunnel,1758,30023443,7,1308,1,599.7696185,6,65,motorway,1,1,1,101,"LINESTRING (-112.0763859 33.4616053, -112.0699529 33.4621454)",auto,0
Deck Park Tunnel,1759,30023443,1308,890,1,69.80741106,6,65,motorway,1,1,1,101,"LINESTRING (-112.0699529 33.4621454, -112.0692027 33.4621947)",auto,0
,1760,30023444,1308,1314,1,70.1038739,1,59,motorway,1,1,1,101,"LINESTRING (-112.0699529 33.4621454, -112.069215 33.4620093)",auto,0
,1761,30023458,891,7,1,146.6651333,1,59,motorway,1,1,1,101,"LINESTRING (-112.0779403 33.4613642, -112.0763859 33.4616053)",auto,0
,1762,30023469,800,801,1,95.63632305,1,59,motorway,1,1,1,101,"LINESTRING (-112.0781548 33.4619513, -112.0791837 33.461897)",auto,0
,1763,30023514,798,797,1,557.5368525,1,59,motorway,1,1,1,101,"LINESTRING (-112.0815964 33.4610912, -112.0817535 33.4611093, -112.0823738 33.4610517, -112.0826527 33.4610316, -112.0829585 33.4610193, -112.0838784 33.4610121, -112.0846681 33.461055, -112.0865478 33.4612699, -112.0875434 33.461499)",auto,0
,1764,30023521,798,796,1,161.7998119,1,59,motorway,1,1,1,101,"LINESTRING (-112.0815964 33.4610912, -112.0807573 33.4612341, -112.0800337 33.4613525, -112.0798877 33.4613826)",auto,1
,1765,30023521,796,798,1,161.7998119,1,59,motorway,1,1,1,101,"LINESTRING (-112.0798877 33.4613826, -112.0800337 33.4613525, -112.0807573 33.4612341, -112.0815964 33.4610912)",auto,1
,1770,30023712,812,809,1,56.9008871,2,59,motorway,1,1,1,101,"LINESTRING (-112.0831199 33.4613938, -112.0831856 33.4614259, -112.083258 33.4614561, -112.0833304 33.4614818, -112.0834216 33.4615076, -112.0835182 33.4615244, -112.0836992 33.4615448)",auto,0
,1771,30023720,808,1411,1,53.15081774,2,59,motorway,1,1,1,101,"LINESTRING (-112.0831614 33.4606114, -112.0830816 33.4606561, -112.0830242 33.4606918, -112.0829703 33.4607303, -112.0829194 33.4607734, -112.0828717 33.4608132, -112.0828124 33.460873, -112.0827515 33.4609405)",auto,0
,1772,30023720,1411,1418,1,9.115166822,2,59,motorway,1,1,1,101,"LINESTRING (-112.0827515 33.4609405, -112.0827223 33.4609867, -112.0827125 33.4610153)",auto,0
,1773,30023720,1418,1419,1,12.92429063,2,59,motorway,1,1,1,101,"LINESTRING (-112.0827125 33.4610153, -112.0826976 33.4610459, -112.0826745 33.4610921, -112.0826629 33.4611238)",auto,0
,1774,30023720,1419,1553,1,31.98561299,2,59,motorway,1,1,1,101,"LINESTRING (-112.0826629 33.4611238, -112.0826406 33.4611834, -112.0826133 33.4612514, -112.0825903 33.4613252, -112.0825667 33.4613999)",auto,0
,1775,30023721,806,740,1,60.5857513,2,59,motorway,1,1,1,101,"LINESTRING (-112.0821782 33.4606651, -112.0820933 33.4606293, -112.0820171 33.4606098, -112.0819192 33.4605919, -112.0818521 33.4605885, -112.0817502 33.4605908, -112.0816764 33.4605997, -112.0815436 33.4606165)",auto,0
,1776,30023722,805,1413,1,50.87317389,2,59,motorway,1,1,1,101,"LINESTRING (-112.0821659 33.4613807, -112.082241 33.461337, -112.0823081 33.4612912, -112.0824033 33.4612224, -112.0824554 33.4611773, -112.0825079 33.4611278, -112.0825615 33.4610676)",auto,0
,1777,30023722,1413,1417,1,8.793251055,2,59,motorway,1,1,1,101,"LINESTRING (-112.0825615 33.4610676, -112.0825897 33.4610227, -112.0826049 33.4609973)",auto,0
,1778,30023722,1417,1559,1,11.57926703,2,59,motorway,1,1,1,101,"LINESTRING (-112.0826049 33.4609973, -112.0826339 33.4609349, -112.08265 33.4609002)",auto,0
,1779,30023722,1559,892,1,29.13105752,2,59,motorway,1,1,1,101,"LINESTRING (-112.08265 33.4609002, -112.0826648 33.4608666, -112.0826943 33.4607939, -112.0827171 33.4607335, -112.0827486 33.4606515)",auto,0
,1797,30120097,1324,788,1,41.77500067,1,45,motorway,1,1,1,101,"LINESTRING (-112.0365216 33.4462552, -112.0365754 33.4466282)",auto,0
Papago Freeway,1862,32736576,1839,797,1,530.3990991,5,65,motorway,1,1,1,101,"LINESTRING (-112.0818554 33.4612982, -112.0825411 33.4612177, -112.0843098 33.4611813, -112.0861123 33.4613603, -112.0875434 33.461499)",auto,0
Papago Freeway,1863,32736577,982,983,1,1452.301265,4,65,motorway,1,1,1,101,"LINESTRING (-112.1142433 33.4616996, -112.1028319 33.4615765, -112.0985886 33.4615585)",auto,0
,1864,32736580,985,986,1,59.70645413,2,59,motorway,1,1,1,101,"LINESTRING (-112.1149178 33.4616845, -112.1146363 33.4616448, -112.1142795 33.461619)",auto,0
,1865,32736581,986,987,1,754.0521877,2,45,motorway,1,1,1,101,"LINESTRING (-112.1142795 33.461619, -112.1121821 33.461572, -112.1116805 33.4615496, -112.1112218 33.4615093, -112.1108249 33.4614422, -112.1104735 33.4613505, -112.1101382 33.4612162, -112.1098432 33.4610596, -112.1095562 33.4608694, -112.1093014 33.4606591, -112.1090841 33.4604375, -112.1089044 33.4602048, -112.1087569 33.4599676, -112.1086764 33.4598087, -112.108612 33.4596543, -112.1085745 33.4595267, -112.1085175 33.4593057, -112.1084659 33.4590623, -112.1084338 33.4588479, -112.108415 33.4586584, -112.1084064 33.4584604)",auto,0
,1866,32736589,988,989,1,55.82714424,1,59,motorway,1,1,1,101,"LINESTRING (-112.1148884 33.4614758, -112.1142876 33.4614467)",auto,0
,1867,32736591,989,1044,1,1050.411112,1,59,motorway,1,1,1,101,"LINESTRING (-112.1142876 33.4614467, -112.1115598 33.461384, -112.1111735 33.4613818, -112.1108409 33.4613974, -112.1104789 33.4614556, -112.1101436 33.4615496, -112.1098593 33.461666, -112.1095615 33.4618294, -112.1093175 33.4620061, -112.1091163 33.4621806, -112.1089312 33.4623842, -112.1087609 33.4626485, -112.1086101 33.4629294, -112.1085738 33.4630674, -112.1085371 33.463207, -112.1084907 33.4635197, -112.1084865 33.4638157, -112.1085513 33.4641178, -112.1086811 33.4644438, -112.1089332 33.4649294, -112.1097406 33.4663614, -112.1099122 33.466706)",auto,0
,1868,32736601,1363,993,1,238.9239112,2,59,motorway,1,1,1,101,"LINESTRING (-112.1083933 33.4562661, -112.1083689 33.455508, -112.1083446 33.4548025, -112.1082714 33.4541207)",auto,0
,1869,32736603,1001,1002,1,180.1077867,2,45,motorway,1,1,1,101,"LINESTRING (-112.1100148 33.4621023, -112.1104601 33.4621538, -112.1109268 33.4621739, -112.1119514 33.4621847)",auto,0
,1870,32736604,994,1004,1,322.9589858,2,59,motorway,1,1,1,101,"LINESTRING (-112.1080272 33.4544933, -112.1079473 33.4546801, -112.1078511 33.4560252, -112.107814 33.4567921, -112.1077957 33.4570467, -112.1077711 33.4573821)",auto,0
,1871,32736606,1004,2010,1,175.525893,1,59,motorway,1,1,1,101,"LINESTRING (-112.1077711 33.4573821, -112.1076811 33.4576275, -112.1075408 33.4586479, -112.1074995 33.4589407)",auto,0
,1872,32736607,1005,1006,1,608.5332001,1,45,motorway,1,1,1,101,"LINESTRING (-112.1073994 33.4596495, -112.107339 33.4599085, -112.1072657 33.4600795, -112.1071536 33.4602709, -112.107011 33.4604283, -112.1069016 33.4605329, -112.1067854 33.4606239, -112.1065602 33.4607443, -112.1064219 33.4608044, -112.1062946 33.4608447, -112.105962 33.4609186, -112.1056589 33.4609566, -112.1035856 33.4611357, -112.1027487 33.4612319, -112.1016946 33.4613796)",auto,0
,1873,32736608,991,1007,1,295.6206422,3,55,motorway,1,1,1,101,"LINESTRING (-112.110757 33.4675609, -112.1105718 33.467044, -112.1102333 33.4661697, -112.1100599 33.4657025, -112.1099714 33.4653685, -112.1098834 33.4650067)",auto,0
,1874,32736610,1008,1006,1,679.3512767,2,55,motorway,1,1,1,101,"LINESTRING (-112.108685 33.4618683, -112.1085519 33.4617455, -112.1084331 33.4616529, -112.1081854 33.4614786, -112.1080728 33.4614072, -112.1079444 33.4613322, -112.1077403 33.4612388, -112.1075767 33.4611789, -112.1074367 33.4611361, -112.1072208 33.4610813, -112.1070182 33.4610462, -112.1068402 33.4610255, -112.1066426 33.461014, -112.1064725 33.4610085, -112.1062705 33.4610159, -112.10608 33.4610281, -112.1027568 33.4613012, -112.1016946 33.4613796)",auto,0
,1875,32736611,1007,1010,1,412.3064912,1,45,motorway,1,1,1,101,"LINESTRING (-112.1098834 33.4650067, -112.1098485 33.4646889, -112.1098163 33.4644607, -112.1098002 33.4642191, -112.1098297 33.4639148, -112.1099049 33.4636194, -112.1100336 33.4633374, -112.1102106 33.4630846, -112.1103903 33.4628966, -112.1105834 33.4627423, -112.1108141 33.4625946, -112.1110743 33.4624782, -112.1112889 33.4624022, -112.1116107 33.4623328, -112.1119541 33.4622813)",auto,0
,1876,32736614,1011,1012,1,169.4790639,1,45,motorway,1,1,1,101,"LINESTRING (-112.1020996 33.4621112, -112.1039262 33.46208)",auto,0
,1877,32736616,1013,999,1,53.94896762,1,59,motorway,1,1,1,101,"LINESTRING (-112.1083387 33.4584575, -112.1083937 33.4579745)",auto,0
,1878,32736621,981,1011,1,326.6704514,2,55,motorway,1,1,1,101,"LINESTRING (-112.0985831 33.4619612, -112.0992887 33.4619994, -112.1002811 33.4620218, -112.1020996 33.4621112)",auto,0
,1879,32736622,1014,998,1,560.7722531,2,59,motorway,1,1,1,101,"LINESTRING (-112.1079308 33.4631451, -112.1081588 33.46338, -112.1083787 33.4636754, -112.108612 33.4640602, -112.1098568 33.4663643, -112.1101571 33.4669098, -112.1103375 33.4672263, -112.1105982 33.4676586)",auto,0
,1880,32736625,995,2009,1,593.1108752,1,45,motorway,1,1,1,101,"LINESTRING (-112.1079797 33.4586208, -112.1079257 33.4591629, -112.1079175 33.4593747, -112.1079102 33.4597192, -112.1079082 33.4600351, -112.1078995 33.4603055, -112.1078907 33.4605204, -112.1078719 33.4608852, -112.1078477 33.4611335, -112.1078075 33.4614334, -112.1077619 33.4617355, -112.1077029 33.462098, -112.1076822 33.4622702, -112.1076662 33.4624581, -112.1076662 33.4626595, -112.1076822 33.4628497, -112.1077386 33.4631339, -112.1077976 33.4633711, -112.1078355 33.4634909, -112.1078799 33.4636106, -112.1079479 33.4637821, -112.1080022 33.4639062)",auto,0
,1881,32736627,1016,992,1,366.331218,1,59,motorway,1,1,1,101,"LINESTRING (-112.1092381 33.4618059, -112.1091021 33.4614867, -112.1089572 33.461122, -112.1088593 33.4609284, -112.1086246 33.4603892, -112.1084369 33.4599595, -112.1083853 33.4598221, -112.1083249 33.4595733, -112.1082924 33.4593984, -112.1082759 33.4592031, -112.1081874 33.4586482)",auto,0
,1887,32736636,1002,1000,1,142.0831723,2,59,motorway,1,1,1,101,"LINESTRING (-112.1119514 33.4621847, -112.1134829 33.462203)",auto,0
,1888,32736638,1010,1000,1,142.1395395,1,45,motorway,1,1,1,101,"LINESTRING (-112.1119541 33.4622813, -112.1121847 33.4622612, -112.1125897 33.4622545, -112.1134829 33.462203)",auto,0
,1891,32760395,1009,983,1,241.8505242,2,59,motorway,1,1,1,101,"LINESTRING (-112.1011904 33.4614198, -112.0998895 33.4614847, -112.0985886 33.4615585)",auto,0
,1892,32760396,1012,1013,1,760.4868628,1,45,motorway,1,1,1,101,"LINESTRING (-112.1039262 33.46208, -112.1047443 33.4620978, -112.1058735 33.4621493, -112.1063563 33.4621583, -112.1067667 33.4621336, -112.1070617 33.46208, -112.1073272 33.462012, -112.1075909 33.4619062, -112.1078074 33.4617824, -112.1080273 33.4616034, -112.1082124 33.4614198, -112.1083599 33.4611961, -112.1084498 33.4609779, -112.1085262 33.4607262, -112.1085491 33.4604856, -112.1085329 33.4601913, -112.1084927 33.4599295, -112.1084095 33.4593115, -112.1083537 33.4588532, -112.1083387 33.4584575)",auto,0
,1917,32766087,1486,11,1,23.93841166,2,59,motorway,1,1,1,101,"LINESTRING (-112.100096 33.461232, -112.1000666 33.4611738, -112.1000196 33.461114, -112.0999471 33.4610607)",auto,0
,1918,32766087,11,1047,1,172.9868506,2,59,motorway,1,1,1,101,"LINESTRING (-112.0999471 33.4610607, -112.0998401 33.4610421, -112.0997463 33.4610446, -112.0996267 33.4610565, -112.0980978 33.4612185)",auto,0
,1919,32766096,1047,1568,1,152.7610756,1,59,motorway,1,1,1,101,"LINESTRING (-112.0980978 33.4612185, -112.097328 33.4613124, -112.0964644 33.4613913)",auto,0
,1920,32766099,980,1048,1,419.0671333,1,59,motorway,1,1,1,101,"LINESTRING (-112.0940396 33.461977, -112.094973 33.4620754, -112.0968452 33.4621694, -112.0974299 33.4621694, -112.0985457 33.4621381)",auto,0
,1921,32766101,1848,1924,1,84.03099141,3,35,motorway,1,1,1,101,"LINESTRING (-112.0991162 33.4621309, -112.0998455 33.4621319, -112.100022 33.4621355)",auto,0
Papago Freeway,1922,32766104,1046,980,1,288.1849813,6,65,motorway,1,1,1,101,"LINESTRING (-112.0909363 33.4618942, -112.0917544 33.4619457, -112.0924571 33.461977, -112.0940396 33.461977)",auto,0
Papago Freeway,1923,32766107,1045,1360,1,7.843661248,6,65,motorway,1,1,1,101,"LINESTRING (-112.0909309 33.461478, -112.0908468 33.4614707)",auto,0
Red Mountain Freeway,1965,97426310,869,716,1,287.1541156,2,65,motorway,1,1,1,101,"LINESTRING (-112.0386207 33.4623581, -112.0391364 33.4624024, -112.0401778 33.4624931, -112.040534 33.4625133, -112.0409614 33.462505, -112.0417055 33.4624668)",auto,0
Black Canyon Freeway,2003,119089349,996,997,1,373.6964109,2,55,motorway,1,1,1,101,"LINESTRING (-112.1081375 33.4609279, -112.108162 33.4611162, -112.1082016 33.4614198, -112.1082821 33.461789, -112.1083679 33.4621515, -112.1085074 33.4626595, -112.1085301 33.4627295, -112.1086818 33.4631965, -112.1088293 33.4636171, -112.1089822 33.4640445, -112.1090416 33.464196)",auto,0
Black Canyon Freeway,2004,119089366,991,992,1,1029.046515,3,55,motorway,1,1,1,101,"LINESTRING (-112.110757 33.4675609, -112.1104795 33.4670074, -112.1101947 33.4663619, -112.1100669 33.4660966, -112.1098499 33.4656564, -112.1095763 33.4650525, -112.1093309 33.4645256, -112.1091217 33.4640088, -112.1089607 33.4635903, -112.1088186 33.4631629, -112.1087503 33.4629557, -112.1086416 33.4626259, -112.1084994 33.4621291, -112.1084189 33.4617935, -112.1083492 33.4614176, -112.1082899 33.4608473, -112.1082362 33.4603537, -112.1081839 33.459703, -112.1081874 33.4586482)",auto,0
Black Canyon Freeway,2005,119089366,992,993,1,503.495339,3,55,motorway,1,1,1,101,"LINESTRING (-112.1081874 33.4586482, -112.1082714 33.4541207)",auto,0
Black Canyon Freeway,2006,119371574,997,998,1,411.260271,3,55,motorway,1,1,1,101,"LINESTRING (-112.1090416 33.464196, -112.1094049 33.4650708, -112.1097091 33.465719, -112.1099907 33.4663543, -112.1105982 33.4676586)",auto,0
Papago Freeway,2007,123105996,985,982,1,62.59243971,4,65,motorway,1,1,1,101,"LINESTRING (-112.1149178 33.4616845, -112.1142433 33.4616996)",auto,0
Papago Freeway,2008,123105998,733,1046,1,181.6510246,6,65,motorway,1,1,1,101,"LINESTRING (-112.0889929 33.4616938, -112.0909363 33.4618942)",auto,0
Papago Freeway,2009,123106007,981,979,1,1455.737215,4,65,motorway,1,1,1,101,"LINESTRING (-112.0985831 33.4619612, -112.1028185 33.4619009, -112.1142742 33.4620329)",auto,0
Papago Freeway,2010,123106012,720,771,1,225.8041952,5,65,motorway,1,1,1,101,"LINESTRING (-112.0585343 33.4621343, -112.0592561 33.4621037, -112.0600983 33.4621189, -112.0609673 33.462112)",auto,0
Papago Freeway,2011,123106021,983,984,1,412.2848935,6,65,motorway,1,1,1,101,"LINESTRING (-112.0985886 33.4615585, -112.0941442 33.4615585)",auto,0
Papago Freeway,2012,123106031,719,769,1,81.20141451,6,65,motorway,1,1,1,101,"LINESTRING (-112.0458437 33.4622046, -112.0467187 33.4622253)",auto,0
Papago Freeway,2013,123106033,723,730,1,664.0801976,6,65,motorway,1,1,1,101,"LINESTRING (-112.0600781 33.4617042, -112.0592622 33.4617092, -112.0585174 33.461699, -112.05588 33.4617012, -112.0551221 33.4617092, -112.0543976 33.4617329, -112.0536833 33.4617701, -112.052926 33.4618392)",auto,0
Papago Freeway,2014,123106034,4,776,1,1097.687064,5,65,motorway,1,1,1,101,"LINESTRING (-112.0897014 33.4613644, -112.08466 33.4608391, -112.083158 33.4607818, -112.0821258 33.4608421, -112.081098 33.4609537, -112.0789874 33.4613642, -112.0779832 33.4614573)",auto,0
Piestewa Freeway,2015,123445147,705,215,1,256.5458638,2,55,motorway,1,1,1,101,"LINESTRING (-112.0382399 33.4647462, -112.0382493 33.4642523, -112.038259 33.4637763, -112.038264 33.4634046, -112.0382784 33.462806, -112.0382961 33.4624396)",auto,0
Piestewa Freeway,2016,123445149,711,819,1,40.89011176,3,55,motorway,1,1,1,101,"LINESTRING (-112.0372552 33.4619215, -112.0374263 33.4622604)",auto,0
Piestewa Freeway,2017,123445149,819,715,1,376.516949,3,55,motorway,1,1,1,101,"LINESTRING (-112.0374263 33.4622604, -112.0376612 33.4627258, -112.0378646 33.4631817, -112.0379626 33.4634414, -112.0380402 33.4638226, -112.0380684 33.4643073, -112.0380751 33.4646536, -112.0380383 33.4651914, -112.0380006 33.4655555)",auto,0
Red Mountain Freeway,2018,123445160,0,727,1,188.5198613,3,65,motorway,1,1,1,101,"LINESTRING (-112.0326826 33.4619887, -112.0322606 33.4619883, -112.0318945 33.4619857, -112.0315264 33.4619867, -112.0311146 33.4619795, -112.0306513 33.4619563)",auto,0
Red Mountain Freeway,2019,123445161,1102,873,1,25.64038479,2,65,motorway,1,1,1,101,"LINESTRING (-112.0303931 33.4621669, -112.0306692 33.4621561)",auto,0
Red Mountain Freeway,2020,123445166,716,719,1,385.2590724,3,65,motorway,1,1,1,101,"LINESTRING (-112.0417055 33.4624668, -112.0431619 33.4623236, -112.0438039 33.4622798, -112.044362 33.4622476, -112.0450601 33.4622425, -112.0458437 33.4622046)",auto,0
Red Mountain Freeway,2021,123445169,724,770,1,209.6593243,2,59,motorway,1,1,1,101,"LINESTRING (-112.0423395 33.4614843, -112.0418302 33.4613695, -112.0414063 33.4612953, -112.0411043 33.4612478, -112.0408204 33.4612173, -112.0405306 33.4611936, -112.0403176 33.4611871, -112.0401161 33.461185)",auto,0
Black Canyon Freeway,2146,138739256,1845,1497,1,202.7871123,3,55,motorway,1,1,1,101,"LINESTRING (-112.1083079 33.4484916, -112.1083013 33.4466679)",auto,0
Black Canyon Freeway,2147,138739258,994,2034,1,248.262471,3,55,motorway,1,1,1,101,"LINESTRING (-112.1080272 33.4544933, -112.1080498 33.4555657, -112.1080232 33.4567256)",auto,0
,2174,148003121,774,1467,1,167.728001,2,59,motorway,1,1,1,101,"LINESTRING (-112.0666925 33.4616389, -112.0665076 33.4615849, -112.0660535 33.4615099, -112.0657371 33.4614602, -112.0656332 33.4614378, -112.0655538 33.4614125, -112.0654828 33.4613897, -112.0654394 33.4613677, -112.0654044 33.4613414, -112.065381 33.4613093, -112.0653642 33.4612743, -112.0653471 33.4612187, -112.0653304 33.4611511, -112.0653145 33.4610697, -112.0653007 33.4609699)",auto,0
,2177,148642363,789,790,1,105.0542827,1,59,motorway,1,1,1,101,"LINESTRING (-112.0363848 33.4515388, -112.0363936 33.4518141, -112.0364132 33.4520241, -112.036434 33.4522287, -112.0364904 33.4524777)",auto,0
,2203,181550708,820,870,1,432.0820656,1,35,motorway,1,1,1,101,"LINESTRING (-112.0366056 33.4587397, -112.0365338 33.459062, -112.0365151 33.4592059, -112.0364964 33.4593154, -112.0364686 33.4594816, -112.0364373 33.4596105, -112.0363815 33.4597868, -112.0363291 33.4599143, -112.0362622 33.4600401, -112.0361851 33.4601684, -112.0361079 33.4602766, -112.0360105 33.4603896, -112.0359253 33.46048, -112.0358229 33.4605733, -112.0357127 33.4606694, -112.035609 33.4607438, -112.0355067 33.4608136, -112.035391 33.4608822, -112.0351488 33.4609944, -112.0349147 33.4610932, -112.0347444 33.4611563, -112.0343632 33.4612974, -112.0342668 33.4613331, -112.0340508 33.4614007, -112.0338348 33.4614572)",auto,0
,2204,181550710,1871,1828,1,59.80949178,3,59,motorway,1,1,1,101,"LINESTRING (-112.0379384 33.4499095, -112.0379805 33.4497543, -112.038006 33.4496138, -112.0380478 33.4494084, -112.0380488 33.4493801)",auto,0
,2205,181550744,1317,1319,1,101.1353156,2,45,motorway,1,1,1,101,"LINESTRING (-112.0389339 33.4471663, -112.0388317 33.4471335, -112.0384455 33.4471357, -112.0383283 33.4471111, -112.0382558 33.4470774, -112.0381853 33.446997, -112.0381573 33.4469278, -112.0381391 33.446872, -112.03812 33.446778)",auto,0
,2206,181550752,1364,1320,1,54.23743517,1,45,motorway,1,1,1,101,"LINESTRING (-112.0361067 33.448352, -112.0363319 33.448445, -112.0363962 33.4484801, -112.0364829 33.4485568, -112.036548 33.4486508)",auto,0
,2207,181550754,1203,1200,1,108.1877764,1,45,motorway,1,1,1,101,"LINESTRING (-112.038067 33.4488899, -112.038156 33.4486099, -112.0382343 33.448509, -112.0383569 33.4484444, -112.0388777 33.4483631)",auto,0
,2208,181550771,898,1320,1,33.06131956,2,45,motorway,1,1,1,101,"LINESTRING (-112.0365479 33.4483535, -112.0365456 33.448462, -112.036548 33.4486508)",auto,0
,2209,181550771,1320,850,1,289.5117949,2,45,motorway,1,1,1,101,"LINESTRING (-112.036548 33.4486508, -112.0365899 33.4492366, -112.0365907 33.4495833, -112.0365874 33.4498567, -112.0365626 33.4501459, -112.0365435 33.4503258, -112.0364267 33.4512468)",auto,0
,2210,184111094,1356,759,1,80.62955262,2,59,motorway,1,1,1,101,"LINESTRING (-112.037309 33.4659066, -112.0374948 33.4659487, -112.0375658 33.4659905, -112.0376027 33.466035, -112.0376321 33.4660847, -112.0376516 33.46615, -112.0376562 33.4661988, -112.0376551 33.4662816, -112.0376718 33.4664645)",auto,0
,2211,184111094,759,760,1,127.6216848,2,59,motorway,1,1,1,101,"LINESTRING (-112.0376718 33.4664645, -112.0376603 33.4668242, -112.0376826 33.4670881, -112.0377355 33.4673818, -112.0377936 33.4676029)",auto,0
,2216,202625716,788,1378,1,85.23767667,1,45,motorway,1,1,1,101,"LINESTRING (-112.0365754 33.4466282, -112.0365127 33.446812, -112.0364915 33.4469849, -112.0364304 33.4470846, -112.0363693 33.4471312, -112.0362498 33.4471777, -112.0361249 33.4472147)",auto,0
,2245,218953043,1410,740,1,152.5653392,1,59,motorway,1,1,1,101,"LINESTRING (-112.0825434 33.459788, -112.0825092 33.4598937, -112.0825079 33.4600627, -112.0825052 33.4601824, -112.0824945 33.4602384, -112.0824836 33.4602652, -112.0824583 33.4603111, -112.0824251 33.4603487, -112.0823859 33.4603849, -112.0823376 33.4604095, -112.0822652 33.4604308, -112.0821458 33.4604576, -112.0817247 33.4605494, -112.0815436 33.4606165)",auto,0
,2317,291977839,1011,1014,1,567.2554025,2,45,motorway,1,1,1,101,"LINESTRING (-112.1020996 33.4621112, -112.1055329 33.462288, -112.1059727 33.4623328, -112.1063938 33.4623955, -112.1067479 33.462485, -112.1070483 33.4625991, -112.107375 33.4627546, -112.1076395 33.4629149, -112.1079308 33.4631451)",auto,0
,2319,292838048,1443,1439,1,14.43003319,1,59,motorway,1,1,1,101,"LINESTRING (-112.0301792 33.4619754, -112.0302036 33.4620161, -112.030222 33.4620442, -112.0302419 33.4620705, -112.0302552 33.4620885)",auto,0
,2320,292838052,1441,1444,1,16.23406939,1,59,motorway,1,1,1,101,"LINESTRING (-112.0303331 33.4622737, -112.0302933 33.4622024, -112.0302531 33.462144)",auto,0
,2329,295326531,1464,738,1,170.7812723,1,59,motorway,1,1,1,101,"LINESTRING (-112.0651113 33.4607326, -112.065051 33.4608611, -112.0650302 33.4609705, -112.0650253 33.4610767, -112.0650102 33.4611714, -112.064958 33.4612714, -112.0648547 33.4613592, -112.0647484 33.4614182, -112.0646426 33.4614552, -112.0645463 33.4614712, -112.0644036 33.4614771, -112.0642817 33.4614822, -112.0640051 33.4614914, -112.0638684 33.461518)",auto,0
,2349,295328845,1376,735,1,195.7672382,1,59,motorway,1,1,1,101,"LINESTRING (-112.0652302 33.4639347, -112.065305 33.4637533, -112.0653114 33.4635935, -112.0653213 33.4634095, -112.0653401 33.46334, -112.0653588 33.463304, -112.0653892 33.4632699, -112.0654277 33.463228, -112.0654814 33.463189, -112.0655638 33.4631367, -112.0656355 33.4631053, -112.0657242 33.4630848, -112.0658433 33.4630712, -112.0659844 33.4630651, -112.0662437 33.4630516, -112.0664574 33.4630405, -112.0665938 33.4630221)",auto,0
,2374,299404106,1481,746,1,86.34028318,1,45,motorway,1,1,1,101,"LINESTRING (-112.0384297 33.4645924, -112.0385096 33.4643357, -112.038706 33.4638514)",auto,0
,2375,299404108,1480,878,1,86.99486241,1,45,motorway,1,1,1,101,"LINESTRING (-112.0384112 33.4645892, -112.0384925 33.4642212, -112.038638 33.4638315)",auto,0
,2403,305217805,1491,1324,1,176.8575196,1,45,motorway,1,1,1,101,"LINESTRING (-112.0365617 33.4446653, -112.0365176 33.445782, -112.0365216 33.4462552)",auto,0
,2522,311045330,1004,1003,1,247.7781547,2,59,motorway,1,1,1,101,"LINESTRING (-112.1077711 33.4573821, -112.1076968 33.4584855, -112.1076565 33.4590971, -112.107637 33.4596075)",auto,0
,2523,311051569,1007,1008,1,369.7436295,2,55,motorway,1,1,1,101,"LINESTRING (-112.1098834 33.4650067, -112.1097906 33.4646922, -112.1094759 33.4635117, -112.1094041 33.4632399, -112.1093247 33.4629638, -112.1092616 33.4627663, -112.109194 33.4625997, -112.1091101 33.4624381, -112.1090494 33.4623283, -112.1089398 33.4621652, -112.1088676 33.4620719, -112.1087605 33.4619472, -112.108685 33.4618683)",auto,0
,2535,311523966,1003,1001,1,386.0963253,2,45,motorway,1,1,1,101,"LINESTRING (-112.107637 33.4596075, -112.1076337 33.4597305, -112.1076519 33.4599541, -112.1077001 33.4602294, -112.107759 33.4604108, -112.1078217 33.4605519, -112.1079067 33.4607294, -112.1079806 33.4608496, -112.1080607 33.4609625, -112.1081188 33.4610469, -112.1082196 33.4611755, -112.1083857 33.4613467, -112.1084791 33.4614253, -112.1086389 33.4615401, -112.1087987 33.4616549, -112.1090207 33.4617821, -112.1091888 33.4618628, -112.1096205 33.4620106, -112.1100148 33.4621023)",auto,0
Papago Freeway,2611,325145935,797,733,1,136.1963551,5,65,motorway,1,1,1,101,"LINESTRING (-112.0875434 33.461499, -112.0889929 33.4616938)",auto,0
Papago Freeway,2612,325145943,980,981,1,421.4795733,6,65,motorway,1,1,1,101,"LINESTRING (-112.0940396 33.461977, -112.0985831 33.4619612)",auto,0
Papago Freeway,2613,325145947,984,1045,1,298.3907981,6,65,motorway,1,1,1,101,"LINESTRING (-112.0941442 33.4615585, -112.0924571 33.4615564, -112.0917678 33.4615362, -112.0909309 33.461478)",auto,0
Papago Freeway,2633,325347555,1360,4,1,106.9086675,5,65,motorway,1,1,1,101,"LINESTRING (-112.0908468 33.4614707, -112.0897014 33.4613644)",auto,0
Papago Freeway,2708,325850626,2,859,1,48.30169882,4,65,motorway,1,1,1,101,"LINESTRING (-112.0375606 33.4521749, -112.0375453 33.4517407)",auto,0
Papago Freeway,2709,325850627,718,2,1,503.7017074,4,65,motorway,1,1,1,101,"LINESTRING (-112.0375098 33.4567046, -112.0375606 33.4521749)",auto,0
Piestewa Freeway,2710,325850628,820,711,1,365.2723685,2,55,motorway,1,1,1,101,"LINESTRING (-112.0366056 33.4587397, -112.0365651 33.4595159, -112.0365545 33.4597867, -112.036559 33.4599259, -112.0365636 33.4600524, -112.0365839 33.4602562, -112.0366166 33.4604468, -112.0367319 33.4608759, -112.0369428 33.4613705, -112.0372552 33.4619215)",auto,0
,2711,325850629,944,1319,1,47.16873479,2,45,motorway,1,1,1,101,"LINESTRING (-112.0380971 33.4472017, -112.0381037 33.4471135, -112.0381091 33.4469302, -112.03812 33.446778)",auto,0
,2712,325850630,899,1174,1,17.46028818,3,59,motorway,1,1,1,101,"LINESTRING (-112.0365716 33.4472138, -112.0365694 33.4473187, -112.0365683 33.4473708)",auto,0
Papago Freeway,2736,326178227,771,794,1,764.1502733,5,65,motorway,1,1,1,101,"LINESTRING (-112.0609673 33.462112, -112.0617174 33.4621463, -112.0623338 33.4621882, -112.0632268 33.4622428, -112.064023 33.4623037, -112.0648467 33.4623753, -112.0662387 33.4624926, -112.0669607 33.4625507, -112.0676811 33.4625982, -112.0683444 33.4626316, -112.0691769 33.4626029)",auto,0
Papago Freeway,2737,326178228,662,723,1,81.60090022,5,65,motorway,1,1,1,101,"LINESTRING (-112.0609567 33.4617401, -112.0600781 33.4617042)",auto,0
Papago Freeway,2740,327118866,769,731,1,712.8808327,6,65,motorway,1,1,1,101,"LINESTRING (-112.0467187 33.4622253, -112.0481002 33.4622357, -112.0509313 33.4622696, -112.0516041 33.4622718, -112.0529486 33.4622171, -112.0536954 33.4621748, -112.0543988 33.4621421)",auto,0
Papago Freeway,2741,327118867,661,725,1,150.5938726,6,65,motorway,1,1,1,101,"LINESTRING (-112.0472522 33.4618543, -112.0466659 33.4618236, -112.0456301 33.4618093)",auto,0
,2763,331012697,736,735,1,104.9237973,2,59,motorway,1,1,1,101,"LINESTRING (-112.0655776 33.4626693, -112.0656616 33.4627375, -112.0657294 33.4627842, -112.0657866 33.4628203, -112.065866 33.4628622, -112.0659617 33.4629031, -112.0660714 33.462943, -112.0661847 33.4629742, -112.0662681 33.4629907, -112.066333 33.4629985, -112.0664075 33.4630086, -112.0665938 33.4630221)",auto,0
,2764,331012698,1473,1527,1,40.22643549,2,59,motorway,1,1,1,101,"LINESTRING (-112.065268 33.4625938, -112.0652539 33.4624727, -112.0652399 33.4623851, -112.0652282 33.4623267, -112.0652117 33.4622794, -112.0651932 33.462239)",auto,0
,2765,331012699,1471,1531,1,30.39629038,2,59,motorway,1,1,1,101,"LINESTRING (-112.0650827 33.4618833, -112.065132 33.4620106, -112.0651612 33.4620875, -112.0651862 33.4621426)",auto,0
,2766,331018713,1529,1530,1,9.595502658,2,59,motorway,1,1,1,101,"LINESTRING (-112.0652807 33.4621377, -112.0652189 33.4622069)",auto,0
,2768,331018715,1531,1470,1,30.3092899,2,59,motorway,1,1,1,101,"LINESTRING (-112.0651862 33.4621426, -112.0652117 33.4620865, -112.0652312 33.4620408, -112.0652467 33.4619959, -112.0652674 33.4619336, -112.0652833 33.4618826)",auto,0
,2769,331018716,1531,1530,1,7.766698629,2,59,motorway,1,1,1,101,"LINESTRING (-112.0651862 33.4621426, -112.0652189 33.4622069)",auto,0
,2770,331018717,1526,1525,1,12.01593335,2,59,motorway,1,1,1,101,"LINESTRING (-112.0651553 33.4621878, -112.0651191 33.462143, -112.0650788 33.4621007)",auto,0
,2771,331018719,1526,1531,1,5.785943584,2,59,motorway,1,1,1,101,"LINESTRING (-112.0651553 33.4621878, -112.0651862 33.4621426)",auto,0
,2773,331018721,1525,737,1,40.20549241,2,59,motorway,1,1,1,101,"LINESTRING (-112.0650788 33.4621007, -112.0650257 33.4620456, -112.0649667 33.4619916, -112.0648685 33.4618956, -112.0647926 33.4618294)",auto,0
,2774,331018723,1527,1474,1,40.72009152,2,59,motorway,1,1,1,101,"LINESTRING (-112.0651932 33.462239, -112.0651658 33.4622882, -112.065143 33.4623354, -112.0651266 33.4623744, -112.0651059 33.4624307, -112.0650916 33.4624737, -112.0650651 33.4625878)",auto,0
,2775,331018725,1527,1526,1,6.691257439,2,59,motorway,1,1,1,101,"LINESTRING (-112.0651932 33.462239, -112.0651553 33.4621878)",auto,0
,2777,331018729,1528,736,1,47.23390096,2,59,motorway,1,1,1,101,"LINESTRING (-112.0652775 33.4623274, -112.0653137 33.4623791, -112.0653534 33.4624317, -112.0653863 33.4624742, -112.065436 33.4625283, -112.0654932 33.4625887, -112.0655776 33.4626693)",auto,0
,2778,331018731,1524,1526,1,12.71962888,2,59,motorway,1,1,1,101,"LINESTRING (-112.0650748 33.4622804, -112.065129 33.4622176, -112.0651553 33.4621878)",auto,0
,2780,331018735,1530,1527,1,4.292315376,2,59,motorway,1,1,1,101,"LINESTRING (-112.0652189 33.4622069, -112.0651932 33.462239)",auto,0
,2781,331018737,1530,1528,1,14.45973744,2,59,motorway,1,1,1,101,"LINESTRING (-112.0652189 33.4622069, -112.0652527 33.462276, -112.0652775 33.4623274)",auto,0
,2810,354417265,809,810,1,158.1841103,2,59,motorway,1,1,1,101,"LINESTRING (-112.0836992 33.4615448, -112.085404 33.4615761)",auto,0
,2811,354417266,1756,1546,1,56.45485253,1,59,motorway,1,1,1,101,"LINESTRING (-112.0827694 33.4627444, -112.0828405 33.4625417, -112.0828502 33.4622453)",auto,0
,2812,354417267,1546,809,1,141.7394053,1,59,motorway,1,1,1,101,"LINESTRING (-112.0828502 33.4622453, -112.0828539 33.46213, -112.0828535 33.4619458, -112.082858 33.4618615, -112.0828602 33.4618026, -112.0828804 33.4617287, -112.0829041 33.4616854, -112.0829532 33.4616366, -112.0829997 33.4616034, -112.0830497 33.4615784, -112.0831087 33.4615661, -112.0831901 33.4615564, -112.0833014 33.4615542, -112.083436 33.4615571, -112.0835706 33.4615588, -112.0836992 33.4615448)",auto,0
,2816,354417591,1881,891,1,272.3380883,1,59,motorway,1,1,1,101,"LINESTRING (-112.0807916 33.4607834, -112.0802884 33.4608951, -112.079587 33.4610473, -112.0792879 33.461111, -112.0789808 33.4611782, -112.0787568 33.4612207, -112.0779403 33.4613642)",auto,0
,2817,354422361,1550,1419,1,32.21982246,2,59,motorway,1,1,1,101,"LINESTRING (-112.0827534 33.4614035, -112.0827192 33.461295, -112.0827018 33.4612368, -112.0826843 33.461182, -112.0826629 33.4611238)",auto,0
,2818,354422361,1419,1417,1,15.0866842,2,59,motorway,1,1,1,101,"LINESTRING (-112.0826629 33.4611238, -112.0826441 33.4610735, -112.0826307 33.4610433, -112.0826049 33.4609973)",auto,0
,2819,354422361,1417,1412,1,9.417930296,2,59,motorway,1,1,1,101,"LINESTRING (-112.0826049 33.4609973, -112.0825855 33.4609641, -112.0825578 33.4609223)",auto,0
,2820,354422361,1412,806,1,45.59961493,2,59,motorway,1,1,1,101,"LINESTRING (-112.0825578 33.4609223, -112.0825316 33.4608953, -112.0825047 33.4608715, -112.0824492 33.4608311, -112.0823845 33.4607822, -112.0823152 33.4607385, -112.0822412 33.4606967, -112.0821782 33.4606651)",auto,0
,2821,354422362,807,6,1,167.0617718,2,59,motorway,1,1,1,101,"LINESTRING (-112.0842098 33.4604879, -112.083845 33.4604252, -112.0833421 33.4603435, -112.0830913 33.4603044, -112.0830001 33.460282, -112.0829411 33.4602596, -112.0828955 33.460226, -112.0828566 33.4601835, -112.0828043 33.4601142, -112.0827748 33.4600593, -112.0827573 33.4600067, -112.0827319 33.4598915)",auto,0
,2822,354422364,802,1414,1,137.0565734,1,59,motorway,1,1,1,101,"LINESTRING (-112.0815892 33.461563, -112.0817467 33.4615731, -112.0818746 33.4615545, -112.0819932 33.4615378, -112.0820772 33.4615282, -112.0821334 33.4615262, -112.0821842 33.4615282, -112.0822358 33.4615378, -112.0822813 33.4615526, -112.0823206 33.4615661, -112.0823683 33.4615911, -112.0824153 33.4616246, -112.0824461 33.4616573, -112.0824731 33.461692, -112.0824877 33.4617164, -112.0825023 33.461746, -112.0825139 33.461773, -112.0825285 33.4618257, -112.0825401 33.4618906, -112.0825509 33.4619555, -112.0825593 33.4620197, -112.0825808 33.4621104)",auto,0
,2823,354422365,801,1885,1,102.8934535,1,59,motorway,1,1,1,101,"LINESTRING (-112.0791837 33.461897, -112.0797627 33.461817, -112.0802779 33.4617454)",auto,0
,2828,354732881,810,733,1,333.2239326,1,59,motorway,1,1,1,101,"LINESTRING (-112.085404 33.4615761, -112.0866107 33.461611, -112.0872123 33.4616252, -112.0878116 33.4616626, -112.0889929 33.4616938)",auto,0
,2837,355397542,1390,1559,1,27.71497117,2,59,motorway,1,1,1,101,"LINESTRING (-112.0825551 33.4606641, -112.0825863 33.4607527, -112.08262 33.4608397, -112.08265 33.4609002)",auto,0
,2838,355397542,1559,1418,1,14.05417461,2,59,motorway,1,1,1,101,"LINESTRING (-112.08265 33.4609002, -112.0826712 33.4609408, -112.08269 33.4609723, -112.0827125 33.4610153)",auto,0
,2839,355397542,1418,811,1,7.956194561,2,59,motorway,1,1,1,101,"LINESTRING (-112.0827125 33.4610153, -112.0827311 33.461045, -112.0827542 33.4610778)",auto,0
,2840,355397542,811,812,1,49.16391888,2,59,motorway,1,1,1,101,"LINESTRING (-112.0827542 33.4610778, -112.0827781 33.4611106, -112.0828089 33.4611479, -112.082849 33.4611851, -112.0828898 33.4612243, -112.082953 33.4612789, -112.0830123 33.4613233, -112.0830685 33.4613599, -112.0831199 33.4613938)",auto,0
,2875,358301626,1568,984,1,216.1388969,1,59,motorway,1,1,1,101,"LINESTRING (-112.0964644 33.4613913, -112.0963248 33.4614041, -112.0952224 33.4614534, -112.0941442 33.4615585)",auto,0
Black Canyon Freeway,2945,404808545,817,994,1,348.1065501,4,55,motorway,1,1,1,101,"LINESTRING (-112.1081005 33.4513633, -112.1080272 33.4544933)",auto,0
Black Canyon Freeway,2946,404808546,1887,816,1,385.098147,4,55,motorway,1,1,1,101,"LINESTRING (-112.1082768 33.4535833, -112.1082967 33.4516126, -112.1083017 33.4510604, -112.1083083 33.4505687, -112.1083224 33.4501203)",auto,0
,2986,406914808,1444,1438,1,3.841784867,1,59,motorway,1,1,1,101,"LINESTRING (-112.0302531 33.462144, -112.0302332 33.4621137)",auto,0
,2987,406914809,1444,1445,1,15.15905769,1,59,motorway,1,1,1,101,"LINESTRING (-112.0302531 33.462144, -112.0302077 33.4622111, -112.0301792 33.4622654)",auto,0
,2988,406914810,1439,1442,1,3.790323147,1,59,motorway,1,1,1,101,"LINESTRING (-112.0302552 33.4620885, -112.0302746 33.4621185)",auto,0
,2989,406914811,1439,1440,1,14.79891784,1,59,motorway,1,1,1,101,"LINESTRING (-112.0302552 33.4620885, -112.0302879 33.4620455, -112.0303312 33.4619717)",auto,0
,2994,408597275,1369,1370,1,9.547795476,2,59,motorway,1,1,1,101,"LINESTRING (-112.0381912 33.4658313, -112.0380995 33.4658703)",auto,0
,2995,408597276,1369,1372,1,15.04367374,2,59,motorway,1,1,1,101,"LINESTRING (-112.0381912 33.4658313, -112.0383307 33.4659003)",auto,0
,2996,408597277,1370,1357,1,6.589703475,2,59,motorway,1,1,1,101,"LINESTRING (-112.0380995 33.4658703, -112.0380362 33.4658972)",auto,0
,2997,408597278,1370,1368,1,11.66666124,2,45,motorway,1,1,1,101,"LINESTRING (-112.0380995 33.4658703, -112.0379876 33.4658224)",auto,0
,2998,408597279,1368,1365,1,20.78376011,2,45,motorway,1,1,1,101,"LINESTRING (-112.0379876 33.4658224, -112.0377898 33.4657346)",auto,0
,2999,408597280,1368,1367,1,10.56450862,2,59,motorway,1,1,1,101,"LINESTRING (-112.0379876 33.4658224, -112.0380894 33.4657798)",auto,0
,3000,408597281,1367,1369,1,11.04372313,2,59,motorway,1,1,1,101,"LINESTRING (-112.0380894 33.4657798, -112.0381912 33.4658313)",auto,0
,3001,408597282,1367,1348,1,9.418919083,2,59,motorway,1,1,1,101,"LINESTRING (-112.0380894 33.4657798, -112.0381752 33.4657345)",auto,0
,3002,408597283,1357,759,1,73.47522856,2,59,motorway,1,1,1,101,"LINESTRING (-112.0380362 33.4658972, -112.0379006 33.4660073, -112.0377979 33.4661291, -112.0377429 33.4662218, -112.0377163 33.466285, -112.0376932 33.4663531, -112.0376718 33.4664645)",auto,0
,3008,408597286,1358,1370,1,7.132211337,2,45,motorway,1,1,1,101,"LINESTRING (-112.0381685 33.4658986, -112.0380995 33.4658703)",auto,0
,3009,408597287,1348,763,1,98.20878887,2,59,motorway,1,1,1,101,"LINESTRING (-112.0381752 33.4657345, -112.0383333 33.465631, -112.0384227 33.4655346, -112.0384812 33.4654579, -112.0385166 33.4653916, -112.0385463 33.4653124, -112.0385782 33.4652143, -112.0385918 33.4651361, -112.0386206 33.4649713)",auto,0
,3011,408597289,1349,1367,1,9.452225045,2,59,motorway,1,1,1,101,"LINESTRING (-112.0380031 33.4657346, -112.0380894 33.4657798)",auto,0
,3490,436952414,756,1345,1,79.02240594,2,59,motorway,1,1,1,101,"LINESTRING (-112.0376145 33.4651683, -112.0376086 33.4653239, -112.0376265 33.465456, -112.037618 33.4655035, -112.0376076 33.4655553, -112.0375672 33.4656243, -112.0375099 33.4656701, -112.0373088 33.4657311)",auto,0
,3608,436957205,10,1509,1,14.18091991,2,59,motorway,1,1,1,101,"LINESTRING (-112.0477749 33.4615728, -112.0476222 33.4615788)",auto,0
,3609,436957208,1806,10,1,48.78417237,3,59,motorway,1,1,1,101,"LINESTRING (-112.0483007 33.4615783, -112.0478974 33.4615766, -112.0477749 33.4615728)",auto,0
,3654,436968133,1828,1203,1,54.53390134,4,59,motorway,1,1,1,101,"LINESTRING (-112.0380488 33.4493801, -112.038067 33.4488899)",auto,0
,3655,436968137,1820,1173,1,50.56915821,4,59,motorway,1,1,1,101,"LINESTRING (-112.0380718 33.4478223, -112.0380798 33.4474304, -112.0380845 33.4473677)",auto,0
,3656,436968138,1183,898,1,17.22665275,2,45,motorway,1,1,1,101,"LINESTRING (-112.0365511 33.4481986, -112.0365501 33.4482471, -112.0365479 33.4483535)",auto,0
,3657,436968139,1819,1183,1,55.42795125,4,45,motorway,1,1,1,101,"LINESTRING (-112.0365615 33.4477002, -112.0365523 33.4481399, -112.0365511 33.4481986)",auto,0
,3658,436968140,903,1194,1,4.525975871,4,59,motorway,1,1,1,101,"LINESTRING (-112.0380634 33.448258, -112.038064 33.4482173)",auto,0
,3659,436968140,1194,1820,1,43.92798782,4,59,motorway,1,1,1,101,"LINESTRING (-112.038064 33.4482173, -112.0380653 33.4481403, -112.0380718 33.4478223)",auto,0
Papago Freeway,3678,437360247,890,1842,1,118.881243,6,65,motorway,1,1,1,101,"LINESTRING (-112.0692027 33.4621947, -112.0683683 33.4622292, -112.0679223 33.4622207)",auto,0
Papago Freeway,3679,437360248,732,1840,1,232.6118894,6,65,motorway,1,1,1,101,"LINESTRING (-112.0780948 33.4618439, -112.0790561 33.4617723, -112.0805595 33.4614847)",auto,0
Papago Freeway,3680,437360249,1840,1839,1,122.0929788,6,65,motorway,1,1,1,101,"LINESTRING (-112.0805595 33.4614847, -112.0810225 33.4613961, -112.0818554 33.4612982)",auto,0
Papago Freeway,3681,437360250,1842,1841,1,128.1633991,5,65,motorway,1,1,1,101,"LINESTRING (-112.0679223 33.4622207, -112.067683 33.4622162, -112.0669861 33.4621673, -112.0665452 33.4621324)",auto,0
,3682,437360251,1843,1105,1,74.03661544,2,59,motorway,1,1,1,101,"LINESTRING (-112.0685514 33.462457, -112.0691145 33.4624495, -112.0692505 33.4624466, -112.0693494 33.462447)",auto,0
Black Canyon Freeway,3683,437362857,816,1498,1,70.19463133,4,55,motorway,1,1,1,101,"LINESTRING (-112.1083224 33.4501203, -112.1083107 33.4494891)",auto,0
Black Canyon Freeway,3684,437362864,1498,1845,1,110.9172455,4,55,motorway,1,1,1,101,"LINESTRING (-112.1083107 33.4494891, -112.1083083 33.4486084, -112.1083079 33.4484916)",auto,0
,3685,437362870,1844,1361,1,24.55757472,2,59,motorway,1,1,1,101,"LINESTRING (-112.108669 33.4475566, -112.108744 33.4473448)",auto,0
,3692,437370419,1048,1848,1,52.92815264,2,35,motorway,1,1,1,101,"LINESTRING (-112.0985457 33.4621381, -112.0991162 33.4621309)",auto,0
Papago Freeway,3702,437491399,858,1851,1,67.8763419,4,65,motorway,1,1,1,101,"LINESTRING (-112.0375636 33.4510291, -112.0375785 33.4504188)",auto,0
,3703,437491400,762,1358,1,122.8596703,2,45,motorway,1,1,1,101,"LINESTRING (-112.0386716 33.4668931, -112.0385963 33.4666978, -112.038528 33.4664013, -112.0384951 33.4662922, -112.0384515 33.4661994, -112.0384059 33.4661255, -112.0383549 33.4660668, -112.0382838 33.4659872, -112.0381685 33.4658986)",auto,0
,3705,449374146,788,899,1,65.11766662,3,45,motorway,1,1,1,101,"LINESTRING (-112.0365754 33.4466282, -112.0365737 33.4471126, -112.0365716 33.4472138)",auto,0
,3721,455465499,1964,1359,1,81.39403113,1,59,motorway,1,1,1,101,"LINESTRING (-112.0294535 33.4625236, -112.0296906 33.4625269, -112.0299051 33.4625337, -112.0299968 33.4625564, -112.0300642 33.4625928, -112.0301273 33.462671, -112.0301798 33.4627763)",auto,0
,3723,455465501,340,1857,1,101.7872342,1,59,motorway,1,1,1,101,"LINESTRING (-112.030243 33.4604182, -112.0300811 33.4608654, -112.0300885 33.4613136)",auto,0
,3724,455465502,1857,755,1,74.04466253,1,59,motorway,1,1,1,101,"LINESTRING (-112.0300885 33.4613136, -112.0300832 33.4613776, -112.0300759 33.4614302, -112.0300583 33.4614672, -112.0300342 33.4615118, -112.0299803 33.4615655, -112.0299173 33.461605, -112.0298381 33.4616348, -112.0297765 33.4616432, -112.029711 33.4616435, -112.0295385 33.4616251)",auto,0
,3725,455465503,751,619,1,417.2710717,1,59,motorway,1,1,1,101,"LINESTRING (-112.0309224 33.4624597, -112.0313308 33.462549, -112.0314786 33.4625697, -112.0316903 33.4625889, -112.0318986 33.4625943, -112.032107 33.462592, -112.0323044 33.4625799, -112.0324706 33.4625618, -112.0327065 33.4625145, -112.0332197 33.4624097, -112.0335633 33.4623453, -112.0336952 33.4623185, -112.0340156 33.4622646, -112.0343977 33.4622307, -112.0348544 33.4622217, -112.0353536 33.4621638)",auto,0
,3726,455465504,753,1608,1,114.3634257,2,59,motorway,1,1,1,101,"LINESTRING (-112.0313342 33.4614973, -112.0309522 33.4616103, -112.0308615 33.4616492, -112.0307491 33.4617028, -112.0306428 33.4617578, -112.0305695 33.4618129, -112.0304807 33.4618869, -112.0303845 33.4619896, -112.0303317 33.462051)",auto,0
,3735,459571213,1203,904,1,58.93909635,3,59,motorway,1,1,1,101,"LINESTRING (-112.038067 33.4488899, -112.0380599 33.4484695, -112.0380617 33.4483599)",auto,0
,3736,459571214,1173,944,1,18.49534113,2,45,motorway,1,1,1,101,"LINESTRING (-112.0380845 33.4473677, -112.0380891 33.4473075, -112.0380971 33.4472017)",auto,0
,3801,527551281,763,1870,1,37.80626093,2,59,motorway,1,1,1,101,"LINESTRING (-112.0386206 33.4649713, -112.038631 33.4647666, -112.0386285 33.4646315)",auto,0
,3802,527551282,1870,215,1,245.9284554,1,59,motorway,1,1,1,101,"LINESTRING (-112.0386285 33.4646315, -112.0386177 33.4644817, -112.0385958 33.4643468, -112.0384786 33.4638026, -112.038427 33.4635522, -112.0383955 33.4633992, -112.0383413 33.4628048, -112.0382961 33.4624396)",auto,0
,3803,527551283,761,762,1,30.73628251,2,45,motorway,1,1,1,101,"LINESTRING (-112.0387074 33.4671679, -112.0386716 33.4668931)",auto,0
,3808,527759136,3,1871,1,144.6988765,1,59,motorway,1,1,1,101,"LINESTRING (-112.0376398 33.4511865, -112.0376766 33.4509904, -112.0378258 33.450344, -112.0379384 33.4499095)",auto,0
,3809,527759137,904,903,1,11.33186074,3,59,motorway,1,1,1,101,"LINESTRING (-112.0380617 33.4483599, -112.0380634 33.448258)",auto,0
,3810,527759138,1174,1819,1,36.63304204,4,59,motorway,1,1,1,101,"LINESTRING (-112.0365683 33.4473708, -112.0365669 33.4474387, -112.0365615 33.4477002)",auto,0
,3811,527759139,1872,823,1,52.01697172,1,45,motorway,1,1,1,101,"LINESTRING (-112.0379192 33.445142, -112.0378179 33.4446819)",auto,0
,3812,527759140,786,1872,1,150.3928931,2,45,motorway,1,1,1,101,"LINESTRING (-112.0381346 33.4464787, -112.0381306 33.4463791, -112.0381285 33.4462301, -112.0380977 33.4458864, -112.0379648 33.445349, -112.0379192 33.445142)",auto,0
,3813,527816635,738,1873,1,129.4180661,2,59,motorway,1,1,1,101,"LINESTRING (-112.0638684 33.461518, -112.062474 33.4615553)",auto,0
,3814,527816636,1873,723,1,222.9415754,1,59,motorway,1,1,1,101,"LINESTRING (-112.062474 33.4615553, -112.0623584 33.4615588, -112.0616695 33.4615852, -112.0609492 33.4616282, -112.0600781 33.4617042)",auto,0
,3815,527816645,1874,1806,1,82.56088336,3,59,motorway,1,1,1,101,"LINESTRING (-112.0491907 33.4615789, -112.0483007 33.4615783)",auto,0
,3816,527816646,1875,1874,1,57.73519565,2,59,motorway,1,1,1,101,"LINESTRING (-112.0498118 33.4616087, -112.049605 33.4615927, -112.0494019 33.4615829, -112.0491907 33.4615789)",auto,0
,3817,527816647,1876,1431,1,76.61382312,4,59,motorway,1,1,1,101,"LINESTRING (-112.0623002 33.4624382, -112.0623239 33.4624423, -112.0631075 33.4625836)",auto,0
,3818,527816648,720,1876,1,351.8858271,2,59,motorway,1,1,1,101,"LINESTRING (-112.0585343 33.4621343, -112.0592581 33.4622053, -112.0601024 33.4622222, -112.060972 33.462237, -112.0613529 33.4622889, -112.0617339 33.4623404, -112.0623002 33.4624382)",auto,0
,3819,527816652,1877,744,1,44.12254849,2,45,motorway,1,1,1,101,"LINESTRING (-112.0383179 33.4652011, -112.0383632 33.4648061)",auto,0
,3820,527816653,752,753,1,51.64912464,1,59,motorway,1,1,1,101,"LINESTRING (-112.0318845 33.4614315, -112.0316884 33.4614431, -112.0315294 33.4614644, -112.0313342 33.4614973)",auto,0
,3821,527816654,714,715,1,61.72015269,2,65,motorway,1,1,1,101,"LINESTRING (-112.0379308 33.4650035, -112.0380006 33.4655555)",auto,0
Papago Freeway,3822,527830721,731,720,1,383.7006513,7,65,motorway,1,1,1,101,"LINESTRING (-112.0543988 33.4621421, -112.0551343 33.462124, -112.0558953 33.4621071, -112.0585343 33.4621343)",auto,0
,3837,528363154,4,1880,1,152.2867045,1,59,motorway,1,1,1,101,"LINESTRING (-112.0897014 33.4613644, -112.0880899 33.4611032)",auto,0
,3838,528363159,740,1881,1,72.18636984,2,59,motorway,1,1,1,101,"LINESTRING (-112.0815436 33.4606165, -112.0807916 33.4607834)",auto,0
Deck Park Tunnel,3839,528363163,776,7,1,149.0847127,5,65,motorway,1,1,1,101,"LINESTRING (-112.0779832 33.4614573, -112.0763859 33.4616053)",auto,0
,3840,528363171,1314,1882,1,102.0600204,1,59,motorway,1,1,1,101,"LINESTRING (-112.069215 33.4620093, -112.0683736 33.4619275, -112.0681246 33.4618896)",auto,0
,3841,528363173,1882,774,1,135.788172,2,59,motorway,1,1,1,101,"LINESTRING (-112.0681246 33.4618896, -112.0675208 33.4617977, -112.0670165 33.4617073, -112.0666925 33.4616389)",auto,0
,3842,528363175,735,1883,1,78.86144962,2,59,motorway,1,1,1,101,"LINESTRING (-112.0665938 33.4630221, -112.0669304 33.4630098, -112.0673926 33.4629642, -112.0674399 33.4629585)",auto,0
,3843,528363178,1883,773,1,163.5374054,1,59,motorway,1,1,1,101,"LINESTRING (-112.0674399 33.4629585, -112.0683453 33.4628494, -112.0691769 33.4627103)",auto,0
Deck Park Tunnel,3844,528363181,794,721,1,66.86027683,5,65,motorway,1,1,1,101,"LINESTRING (-112.0691769 33.4626029, -112.0698897 33.4625138)",auto,0
,3845,528363188,1884,802,1,62.01325786,3,59,motorway,1,1,1,101,"LINESTRING (-112.0809298 33.4616547, -112.0815892 33.461563)",auto,0
,3846,528363192,1885,1884,1,61.30864403,2,59,motorway,1,1,1,101,"LINESTRING (-112.0802779 33.4617454, -112.0809298 33.4616547)",auto,0
,3847,528363225,1886,1844,1,87.75410375,2,59,motorway,1,1,1,101,"LINESTRING (-112.1085732 33.4483417, -112.1086282 33.4478564, -112.108669 33.4475566)",auto,0
Black Canyon Freeway,3848,528363226,993,1887,1,59.75825355,5,55,motorway,1,1,1,101,"LINESTRING (-112.1082714 33.4541207, -112.1082768 33.4535833)",auto,0
,3849,528363228,1502,1363,1,87.89772661,3,59,motorway,1,1,1,101,"LINESTRING (-112.1084137 33.4570564, -112.1083933 33.4562661)",auto,0
,3850,528363229,999,1502,1,102.104921,3,59,motorway,1,1,1,101,"LINESTRING (-112.1083937 33.4579745, -112.1084137 33.4570564)",auto,0
,3851,528363230,1006,1009,1,46.98532904,2,45,motorway,1,1,1,101,"LINESTRING (-112.1016946 33.4613796, -112.1011904 33.4614198)",auto,0
,3852,528363231,1000,990,1,73.89776466,2,59,motorway,1,1,1,101,"LINESTRING (-112.1134829 33.462203, -112.1142795 33.4622075)",auto,0
,3853,528363234,987,999,1,54.04245873,2,59,motorway,1,1,1,101,"LINESTRING (-112.1084064 33.4584604, -112.1083937 33.4579745)",auto,0
,3970,533116359,5,807,1,126.3903012,2,59,motorway,1,1,1,101,"LINESTRING (-112.0855491 33.4606966, -112.0842098 33.4604879)",auto,0
Piestewa Freeway,3971,533126007,729,745,1,54.77391177,2,55,motorway,1,1,1,101,"LINESTRING (-112.0383133 33.4600673, -112.0381287 33.4595994)",auto,0
Piestewa Freeway,3972,533135723,215,866,1,84.14216655,2,55,motorway,1,1,1,101,"LINESTRING (-112.0382961 33.4624396, -112.0383669 33.4616852)",auto,0
,3973,533571672,1319,786,1,33.30852423,2,45,motorway,1,1,1,101,"LINESTRING (-112.03812 33.446778, -112.0381233 33.4466958, -112.0381346 33.4464787)",auto,0
,4191,540443047,1318,788,1,90.07097979,3,45,motorway,1,1,1,101,"LINESTRING (-112.0366779 33.4458227, -112.0365754 33.4466282)",auto,0
Piestewa Freeway,4197,542384109,624,1980,1,91.08992928,1,59,motorway,1,1,1,101,"LINESTRING (-112.037088 33.4477204, -112.0370507 33.448539)",auto,0
Papago Freeway,4198,542384110,624,1966,1,91.28356857,4,65,motorway,1,1,1,101,"LINESTRING (-112.037088 33.4477204, -112.0371057 33.4485412)",auto,0
Piestewa Freeway,4220,589798116,1980,1965,1,53.27409315,1,59,motorway,1,1,1,101,"LINESTRING (-112.0370507 33.448539, -112.0370302 33.4490178)",auto,0
,4317,672434438,1431,739,1,54.24265165,4,59,motorway,1,1,1,101,"LINESTRING (-112.0631075 33.4625836, -112.0636789 33.4626872)",auto,0
,4318,672434439,1523,1375,1,76.30092844,2,59,motorway,1,1,1,101,"LINESTRING (-112.0649782 33.4632585, -112.0649669 33.4637523, -112.0650331 33.4639365)",auto,0
,4319,681066238,2009,1015,1,66.45442005,1,45,motorway,1,1,1,101,"LINESTRING (-112.1080022 33.4639062, -112.1080665 33.4640273, -112.108169 33.4642063, -112.1082937 33.464452)",auto,0
,4320,681066239,2010,1005,1,79.36012067,1,59,motorway,1,1,1,101,"LINESTRING (-112.1074995 33.4589407, -112.1073994 33.4596495)",auto,0
,4344,689262279,1608,1442,1,9.186527032,2,59,motorway,1,1,1,101,"LINESTRING (-112.0303317 33.462051, -112.0303209 33.4620636, -112.0302746 33.4621185)",auto,0
,4346,689262281,1596,754,1,73.19995461,1,59,motorway,1,1,1,101,"LINESTRING (-112.0301792 33.4620377, -112.0301297 33.4619829, -112.030068 33.4619225, -112.0299738 33.4618568, -112.0298881 33.4618024, -112.0298138 33.4617605, -112.0296772 33.4617093, -112.0295434 33.4616701)",auto,0
,4348,689262283,1607,751,1,64.16003542,1,59,motorway,1,1,1,101,"LINESTRING (-112.0303324 33.4621602, -112.030353 33.4621751, -112.0304569 33.4622335, -112.030568 33.4622948, -112.0306957 33.4623558, -112.0308114 33.4624056, -112.0309224 33.4624597)",auto,0
,4350,689262285,1442,1607,1,7.088645291,1,59,motorway,1,1,1,101,"LINESTRING (-112.0302746 33.4621185, -112.0303324 33.4621602)",auto,0
,4351,689262286,1442,1444,1,3.466650317,2,59,motorway,1,1,1,101,"LINESTRING (-112.0302746 33.4621185, -112.0302531 33.462144)",auto,0
,4352,689262287,1438,1439,1,3.466521317,1,59,motorway,1,1,1,101,"LINESTRING (-112.0302332 33.4621137, -112.0302552 33.4620885)",auto,0
,4353,689262288,1438,1596,1,9.83607027,1,59,motorway,1,1,1,101,"LINESTRING (-112.0302332 33.4621137, -112.0302072 33.4620728, -112.0301792 33.4620377)",auto,0
,4354,689262289,1606,1438,1,7.199138859,1,59,motorway,1,1,1,101,"LINESTRING (-112.0301792 33.4621602, -112.0302332 33.4621137)",auto,0
,4366,717375868,2017,1875,1,67.565996,1,59,motorway,1,1,1,101,"LINESTRING (-112.0505359 33.4616743, -112.0498118 33.4616087)",auto,0
,4367,717375869,2018,731,1,559.6730387,1,59,motorway,1,1,1,101,"LINESTRING (-112.0484005 33.4626247, -112.0491193 33.4626217, -112.0492591 33.4626176, -112.0494192 33.4626093, -112.0497154 33.4625873, -112.0507597 33.4624846, -112.0511559 33.4624478, -112.0515889 33.4624203, -112.0520698 33.462383, -112.0529639 33.462325, -112.0537015 33.4622544, -112.0543988 33.4621421)",auto,0
,4393,746512737,746,2020,1,137.6818123,1,45,motorway,1,1,1,101,"LINESTRING (-112.038706 33.4638514, -112.0388186 33.463634, -112.0389645 33.4634335, -112.039189 33.4632127, -112.0394795 33.4630039, -112.0396383 33.4629189)",auto,0
Piestewa Freeway,4447,883770124,1405,882,1,160.9379843,5,55,motorway,1,1,1,101,"LINESTRING (-112.0383557 33.467691, -112.038292 33.4673262, -112.0382477 33.4669099, -112.0382301 33.4662493)",auto,0
Piestewa Freeway,4448,883824726,785,820,1,355.6636914,3,55,motorway,1,1,1,101,"LINESTRING (-112.0365537 33.4555424, -112.0366047 33.4569343, -112.0366316 33.4575429, -112.0366056 33.4587397)",auto,0
Black Canyon Freeway,4449,886209268,815,817,1,524.2945139,3,55,motorway,1,1,1,101,"LINESTRING (-112.1081262 33.4466484, -112.1081332 33.4485149, -112.1081262 33.4499118, -112.1081171 33.4505678, -112.1081048 33.4510576, -112.1081005 33.4513633)",auto,0
Black Canyon Freeway,4450,887534101,995,996,1,257.2041251,3,55,motorway,1,1,1,101,"LINESTRING (-112.1079797 33.4586208, -112.1080158 33.4597851, -112.1080224 33.4599649, -112.1080375 33.4602686, -112.1081375 33.4609279)",auto,0
Black Canyon Freeway,4451,887534102,2034,995,1,210.7752596,4,55,motorway,1,1,1,101,"LINESTRING (-112.1080232 33.4567256, -112.1079797 33.4586208)",auto,0
Papago Freeway,4452,887830007,730,661,1,526.4865394,6,65,motorway,1,1,1,101,"LINESTRING (-112.052926 33.4618392, -112.0520536 33.4618785, -112.0515909 33.461887, -112.0509112 33.4618712, -112.0488452 33.46186, -112.0472522 33.4618543)",auto,0
