name,node_id,osm_node_id,osm_highway,zone_id,ctrl_type,node_type,activity_type,is_boundary,x_coord,y_coord,main_node_id,poi_id,notes,production,attraction,activity_location_tab
,0,13365855,,,0,,motorway,0,-112.0326826,33.4619887,,,,0,0,
,2,41229681,motorway_junction,,0,,motorway,0,-112.0375606,33.4521749,,,,0,0,
,3,41229682,,,0,,motorway,0,-112.0376398,33.4511865,,,,0,0,
,4,41245666,motorway_junction,,0,,motorway,0,-112.0897014,33.4613644,,,,0,0,
,5,41245668,,,0,,motorway,0,-112.0855491,33.4606966,,,,0,0,
,6,41245670,,,0,,secondary,0,-112.0827319,33.4598915,,,,0,0,
,7,41245671,,,0,,motorway,0,-112.0763859,33.4616053,,,,0,0,
,10,41440516,traffic_signals,,1,,secondary,0,-112.0477749,33.4615728,,,,0,0,
,11,41446394,traffic_signals,,1,,motorway,0,-112.0999471,33.4610607,,,,0,0,
,180,41609369,,,0,,motorway,0,-112.0366356,33.4622066,,,,0,0,
,215,41613416,,,0,,motorway,0,-112.0382961,33.4624396,,,,0,0,
,340,41673234,,,0,,secondary,0,-112.030243,33.4604182,,,,0,0,
,619,42313423,,,0,,motorway,0,-112.0353536,33.4621638,,,,0,0,
,624,42320970,motorway_junction,,0,,motorway,0,-112.037088,33.4477204,,,,0,0,
,630,42339194,traffic_signals,,1,,motorway,0,-112.1077726,33.4491593,,,,0,0,
,661,42405452,motorway_junction,,0,,motorway,0,-112.0472522,33.4618543,,,,0,0,
,662,42405464,,,0,,motorway,0,-112.0609567,33.4617401,,,,0,0,
,704,42630948,motorway_junction,,0,,motorway,0,-112.0382178,33.4655387,,,,0,0,
,705,42630954,motorway_junction,,0,,motorway,0,-112.0382399,33.4647462,,,,0,0,
,711,147419079,,,0,,motorway,0,-112.0372552,33.4619215,,,,0,0,
,712,156226098,,,0,,motorway,0,-112.0318863,33.4622899,,,,0,0,
,713,156226108,motorway_junction,,0,,motorway,0,-112.0338147,33.462523,,,,0,0,
,714,156226146,,,0,,motorway,0,-112.0379308,33.4650035,,,,0,0,
,715,156226159,,,0,,motorway,0,-112.0380006,33.4655555,,,,0,0,
,716,156226199,,,0,,motorway,0,-112.0417055,33.4624668,,,,0,0,
,717,194785651,,,0,,motorway,0,-112.0370406,33.4565008,,,,0,0,
,718,194785676,,,0,,motorway,0,-112.0375098,33.4567046,,,,0,0,
,719,194785745,,,0,,motorway,0,-112.0458437,33.4622046,,,,0,0,
,720,194785795,motorway_junction,,0,,motorway,0,-112.0585343,33.4621343,,,,0,0,
,721,194785815,,,0,,motorway,0,-112.0698897,33.4625138,,,,0,0,
,723,194785825,,,0,,motorway,0,-112.0600781,33.4617042,,,,0,0,
,724,194785846,motorway_junction,,0,,motorway,0,-112.0423395,33.4614843,,,,0,0,
,725,194785855,motorway_junction,,0,,motorway,0,-112.0456301,33.4618093,,,,0,0,
,726,194785873,,,0,,motorway,0,-112.032249,33.4617987,,,,0,0,
,727,194785882,,,0,,motorway,0,-112.0306513,33.4619563,,,,0,0,
,728,194794040,,,0,,motorway,0,-112.0377114,33.4643286,,,,0,0,
,729,194804164,,,0,,motorway,0,-112.0383133,33.4600673,,,,0,0,
,730,194809084,motorway_junction,,0,,motorway,0,-112.052926,33.4618392,,,,0,0,
,731,194810141,,,0,,motorway,0,-112.0543988,33.4621421,,,,0,0,
,732,194814447,,,0,,motorway,0,-112.0780948,33.4618439,,,,0,0,
,733,194815836,,,0,,motorway,0,-112.0889929,33.4616938,,,,0,0,
,734,194825878,,,0,,motorway,0,-112.0656104,33.4618685,,,,0,0,
,735,194826597,,,0,,motorway,0,-112.0665938,33.4630221,,,,0,0,
,736,194826599,,,0,,motorway,0,-112.0655776,33.4626693,,,,0,0,
,737,194827215,,,0,,motorway,0,-112.0647926,33.4618294,,,,0,0,
,738,194827530,,,0,,motorway,0,-112.0638684,33.461518,,,,0,0,
,739,194828209,motorway_junction,,0,,motorway,0,-112.0636789,33.4626872,,,,0,0,
,740,198033100,,,0,,motorway,0,-112.0815436,33.4606165,,,,0,0,
,743,256200805,,37,0,,motorway,1,-112.0293721,33.462451,,,,1000,1000,boundary
,744,256202525,motorway_junction,,0,,motorway,0,-112.0383632,33.4648061,,,,0,0,
,745,256202531,,,0,,motorway,0,-112.0381287,33.4595994,,,,0,0,
,746,256202543,,,0,,motorway,0,-112.038706,33.4638514,,,,0,0,
,747,256202809,,,0,,motorway,0,-112.0405593,33.4612912,,,,0,0,
,748,256202830,,,0,,motorway,0,-112.0373681,33.4627676,,,,0,0,
,749,256202835,,,0,,motorway,0,-112.0380071,33.4615066,,,,0,0,
,750,256536564,,,0,,secondary,0,-112.0303393,33.4629383,,,,0,0,
,751,256536583,,,0,,motorway,0,-112.0309224,33.4624597,,,,0,0,
,752,256536633,,,0,,motorway,0,-112.0318845,33.4614315,,,,0,0,
,753,256536634,motorway_junction,,0,,motorway,0,-112.0313342,33.4614973,,,,0,0,
,754,256536764,,37,0,,motorway,1,-112.0295434,33.4616701,,,,1000,1000,boundary
,755,256536787,,37,0,,motorway,1,-112.0295385,33.4616251,,,,1000,1000,boundary
,756,256536875,motorway_junction,,0,,motorway,0,-112.0376145,33.4651683,,,,0,0,
,759,256537636,,,0,,motorway,0,-112.0376718,33.4664645,,,,0,0,
,760,256537640,,35,0,,motorway,1,-112.0377936,33.4676029,,,,1000,1000,boundary
,761,256541144,,35,0,,motorway,1,-112.0387074,33.4671679,,,,1000,1000,boundary
,762,256541145,motorway_junction,,0,,motorway,0,-112.0386716,33.4668931,,,,0,0,
,763,256541220,,,0,,motorway,0,-112.0386206,33.4649713,,,,0,0,
,764,256541251,,,0,,secondary,0,-112.0391088,33.465744,,,,0,0,
,765,256541865,,,0,,motorway,0,-112.0429986,33.4619585,,,,0,0,
,766,256541874,,,0,,motorway,0,-112.0366272,33.462054,,,,0,0,
,767,256542024,,,0,,motorway,0,-112.0366304,33.4621132,,,,0,0,
,768,256542033,,,0,,motorway,0,-112.0429989,33.4620125,,,,0,0,
,769,256542036,,,0,,motorway,0,-112.0467187,33.4622253,,,,0,0,
,770,256542091,,,0,,motorway,0,-112.0401161,33.461185,,,,0,0,
,771,256542139,motorway_junction,,0,,motorway,0,-112.0609673,33.462112,,,,0,0,
,773,256542205,,,0,,motorway,0,-112.0691769,33.4627103,,,,0,0,
,774,256542255,motorway_junction,,0,,motorway,0,-112.0666925,33.4616389,,,,0,0,
,776,256543665,,,0,,motorway,0,-112.0779832,33.4614573,,,,0,0,
,783,256610664,,,0,,motorway,0,-112.0367725,33.4550068,,,,0,0,
,784,256610671,,,0,,motorway,0,-112.0373812,33.4485247,,,,0,0,
,785,256610702,,,0,,motorway,0,-112.0365537,33.4555424,,,,0,0,
,786,256612833,motorway_junction,,0,,motorway,0,-112.0381346,33.4464787,,,,0,0,
,787,256631834,,41,0,,motorway,1,-112.037596,33.4447653,,,,1000,1000,boundary
,788,256632161,,,0,,motorway,0,-112.0365754,33.4466282,,,,0,0,
,789,256632164,motorway_junction,,0,,motorway,0,-112.0363848,33.4515388,,,,0,0,
,790,256632209,,,0,,motorway,0,-112.0364904,33.4524777,,,,0,0,
,791,256632296,motorway_junction,41,0,,motorway,1,-112.0371312,33.4447553,,,,1000,1000,boundary
,792,256632402,,,0,,motorway,0,-112.0373212,33.4485216,,,,0,0,
,793,256632410,,,0,,motorway,0,-112.036699,33.4549846,,,,0,0,
,794,256633655,,,0,,motorway,0,-112.0691769,33.4626029,,,,0,0,
,795,256633710,traffic_signals,,1,,motorway,0,-112.0779157,33.4616656,,,,0,0,
,796,256633737,traffic_signals,,1,,motorway,0,-112.0798877,33.4613826,,,,0,0,
,797,256633838,,,0,,motorway,0,-112.0875434,33.461499,,,,0,0,
,798,256633879,,,0,,motorway,0,-112.0815964,33.4610912,,,,0,0,
,799,256633882,motorway_junction,,0,,motorway,0,-112.0769519,33.4619286,,,,0,0,
,800,256633923,,,0,,motorway,0,-112.0781548,33.4619513,,,,0,0,
,801,256633924,,,0,,motorway,0,-112.0791837,33.461897,,,,0,0,
,802,256633926,motorway_junction,,0,,motorway,0,-112.0815892,33.461563,,,,0,0,
,805,256634051,,,0,,motorway,0,-112.0821659,33.4613807,,,,0,0,
,806,256634054,,,0,,motorway,0,-112.0821782,33.4606651,,,,0,0,
,807,256634087,motorway_junction,,0,,motorway,0,-112.0842098,33.4604879,,,,0,0,
,808,256634110,,,0,,motorway,0,-112.0831614,33.4606114,,,,0,0,
,809,256634130,,,0,,motorway,0,-112.0836992,33.4615448,,,,0,0,
,810,256634131,,,0,,motorway,0,-112.085404,33.4615761,,,,0,0,
,811,256634186,traffic_signals,,1,,secondary,0,-112.0827542,33.4610778,5,,,0,0,
,812,256634189,,,0,,motorway,0,-112.0831199,33.4613938,,,,0,0,
,815,256788785,motorway_junction,45,0,,motorway,1,-112.1081262,33.4466484,,,,1000,1000,boundary
,816,256788971,motorway_junction,,0,,motorway,0,-112.1083224,33.4501203,,,,0,0,
,817,256789264,,,0,,motorway,0,-112.1081005,33.4513633,,,,0,0,
,819,316384205,motorway_junction,,0,,motorway,0,-112.0374263,33.4622604,,,,0,0,
,820,316384657,motorway_junction,,0,,motorway,0,-112.0366056,33.4587397,,,,0,0,
,821,316385155,,,0,,motorway,0,-112.0368697,33.4625399,,,,0,0,
,822,317500943,,,0,,motorway,0,-112.0368813,33.4446719,,,,0,0,
,823,317500993,,41,0,,motorway,1,-112.0378179,33.4446819,,,,1000,1000,boundary
,824,317501014,,41,0,,motorway,1,-112.0381998,33.4446308,,,,1000,1000,boundary
,845,330524482,,,0,,motorway,0,-112.0371207,33.4470698,,,,0,0,
,846,330524737,,,0,,motorway,0,-112.0373322,33.4470681,,,,0,0,
,847,330524829,,,0,,motorway,0,-112.0373872,33.4470585,,,,0,0,
,848,330524886,,,0,,motorway,0,-112.0375775,33.4470594,,,,0,0,
,849,330525802,,,0,,motorway,0,-112.0375808,33.4485664,,,,0,0,
,850,330526112,,,0,,motorway,0,-112.0364267,33.4512468,,,,0,0,
,851,330526164,,,0,,motorway,0,-112.0367849,33.4511644,,,,0,0,
,852,330526300,,,0,,motorway,0,-112.0367283,33.4516572,,,,0,0,
,853,330526553,,,0,,motorway,0,-112.0371061,33.4511741,,,,0,0,
,854,330526554,,,0,,motorway,0,-112.0370997,33.4517611,,,,0,0,
,855,330526730,,,0,,motorway,0,-112.0373167,33.4511584,,,,0,0,
,856,330526943,,,0,,motorway,0,-112.0373868,33.4511522,,,,0,0,
,857,330527221,,,0,,motorway,0,-112.0375987,33.4517466,,,,0,0,
,858,330527400,,,0,,motorway,0,-112.0375636,33.4510291,,,,0,0,
,859,330527428,,,0,,motorway,0,-112.0375453,33.4517407,,,,0,0,
,860,330527867,,,0,,motorway,0,-112.0366763,33.4530876,,,,0,0,
,861,330530989,,,0,,motorway,0,-112.0388219,33.4628026,,,,0,0,
,864,330531985,,,0,,motorway,0,-112.0347353,33.4613467,,,,0,0,
,865,330533136,,,0,,motorway,0,-112.0382243,33.4600926,,,,0,0,
,866,330533434,,,0,,motorway,0,-112.0383669,33.4616852,,,,0,0,
,867,330533608,,,0,,motorway,0,-112.0376078,33.4620412,,,,0,0,
,868,330538946,motorway_junction,,0,,motorway,0,-112.0364433,33.4616985,,,,0,0,
,869,330542586,,,0,,motorway,0,-112.0386207,33.4623581,,,,0,0,
,870,330543224,,,0,,motorway,0,-112.0338348,33.4614572,,,,0,0,
,871,330543272,,,0,,motorway,0,-112.0338533,33.4615144,,,,0,0,
,872,330544102,,,0,,motorway,0,-112.0306638,33.4620941,,,,0,0,
,873,330544136,,,0,,motorway,0,-112.0306692,33.4621561,,,,0,0,
,874,330544171,,,0,,motorway,0,-112.0306737,33.4622078,,,,0,0,
,875,330544422,,37,0,,motorway,1,-112.029595,33.4621728,,,,1000,1000,boundary
,876,330544538,,37,0,,motorway,1,-112.0295938,33.4621056,,,,1000,1000,boundary
,877,330544770,,37,0,,motorway,1,-112.029594,33.4619311,,,,1000,1000,boundary
,878,330545206,,,0,,motorway,0,-112.038638,33.4638315,,,,0,0,
,879,330545921,,,0,,motorway,0,-112.0372908,33.4636412,,,,0,0,
,880,330546030,,,0,,motorway,0,-112.0374539,33.4635266,,,,0,0,
,881,330546071,,,0,,motorway,0,-112.037696,33.464086,,,,0,0,
,882,330546754,,,0,,motorway,0,-112.0382301,33.4662493,,,,0,0,
,883,330546783,,,0,,motorway,0,-112.0379971,33.4662685,,,,0,0,
,889,330553138,,,0,,motorway,0,-112.0647611,33.4625267,,,,0,0,
,890,330554527,,,0,,motorway,0,-112.0692027,33.4621947,,,,0,0,
,891,330555077,,,0,,motorway,0,-112.0779403,33.4613642,,,,0,0,
,892,330557359,,,0,,secondary,0,-112.0827486,33.4606515,,,,0,0,
,898,331870601,traffic_signals,,1,,motorway,0,-112.0365479,33.4483535,33,,,0,0,
,899,331872250,traffic_signals,,1,,primary,0,-112.0365716,33.4472138,23,,,0,0,
,903,331893015,,,0,,motorway,0,-112.0380634,33.448258,,,,0,0,
,904,331893061,traffic_signals,,1,,primary,0,-112.0380617,33.4483599,,,,0,0,
,944,331917961,traffic_signals,,1,,motorway,0,-112.0380971,33.4472017,35,,,0,0,
,979,368354300,,29,0,,motorway,1,-112.1142742,33.4620329,,,,1000,1000,boundary
,980,368354303,motorway_junction,,0,,motorway,0,-112.0940396,33.461977,,,,0,0,
,981,368354305,motorway_junction,,0,,motorway,0,-112.0985831,33.4619612,,,,0,0,
,982,368354310,,,0,,motorway,0,-112.1142433,33.4616996,,,,0,0,
,983,368354312,,,0,,motorway,0,-112.0985886,33.4615585,,,,0,0,
,984,368354313,,,0,,motorway,0,-112.0941442,33.4615585,,,,0,0,
,985,368354317,motorway_junction,29,0,,motorway,1,-112.1149178,33.4616845,,,,1000,1000,boundary
,986,368354323,,,0,,motorway,0,-112.1142795,33.461619,,,,0,0,
,987,368354341,,,0,,motorway,0,-112.1084064,33.4584604,,,,0,0,
,988,368354362,,29,0,,motorway,1,-112.1148884,33.4614758,,,,1000,1000,boundary
,989,368354363,,,0,,motorway,0,-112.1142876,33.4614467,,,,0,0,
,990,368354389,,,0,,motorway,0,-112.1142795,33.4622075,,,,0,0,
,991,368354403,motorway_junction,31,0,,motorway,1,-112.110757,33.4675609,,,,1000,1000,boundary
,992,368354422,,,0,,motorway,0,-112.1081874,33.4586482,,,,0,0,
,993,368354424,,,0,,motorway,0,-112.1082714,33.4541207,,,,0,0,
,994,368354427,motorway_junction,,0,,motorway,0,-112.1080272,33.4544933,,,,0,0,
,995,368354428,motorway_junction,,0,,motorway,0,-112.1079797,33.4586208,,,,0,0,
,996,368354433,,,0,,motorway,0,-112.1081375,33.4609279,,,,0,0,
,997,368354441,,,0,,motorway,0,-112.1090416,33.464196,,,,0,0,
,998,368354446,,31,0,,motorway,1,-112.1105982,33.4676586,,,,1000,1000,boundary
,999,368354448,,,0,,motorway,0,-112.1083937,33.4579745,,,,0,0,
,1000,368354467,,,0,,motorway,0,-112.1134829,33.462203,,,,0,0,
,1001,368354470,,,0,,motorway,0,-112.1100148,33.4621023,,,,0,0,
,1002,368354478,,,0,,motorway,0,-112.1119514,33.4621847,,,,0,0,
,1003,368354483,,,0,,motorway,0,-112.107637,33.4596075,,,,0,0,
,1004,368354484,motorway_junction,,0,,motorway,0,-112.1077711,33.4573821,,,,0,0,
,1005,368354488,,,0,,motorway,0,-112.1073994,33.4596495,,,,0,0,
,1006,368354499,,,0,,motorway,0,-112.1016946,33.4613796,,,,0,0,
,1007,368354504,motorway_junction,,0,,motorway,0,-112.1098834,33.4650067,,,,0,0,
,1008,368354509,,,0,,motorway,0,-112.108685,33.4618683,,,,0,0,
,1009,368354523,,,0,,motorway,0,-112.1011904,33.4614198,,,,0,0,
,1010,368354568,,,0,,motorway,0,-112.1119541,33.4622813,,,,0,0,
,1011,368354577,motorway_junction,,0,,motorway,0,-112.1020996,33.4621112,,,,0,0,
,1012,368354584,,,0,,motorway,0,-112.1039262,33.46208,,,,0,0,
,1013,368354651,,,0,,motorway,0,-112.1083387,33.4584575,,,,0,0,
,1014,368354689,,,0,,motorway,0,-112.1079308,33.4631451,,,,0,0,
,1015,368354806,,,0,,secondary,0,-112.1082937,33.464452,,,,0,0,
,1016,368354808,,,0,,secondary,0,-112.1092381,33.4618059,,,,0,0,
,1044,369002396,,31,0,,motorway,1,-112.1099122,33.466706,,,,1000,1000,boundary
,1045,369039186,,,0,,motorway,0,-112.0909309,33.461478,,,,0,0,
,1046,369039198,,,0,,motorway,0,-112.0909363,33.4618942,,,,0,0,
,1047,369039228,,,0,,motorway,0,-112.0980978,33.4612185,,,,0,0,
,1048,369039433,,,0,,motorway,0,-112.0985457,33.4621381,,,,0,0,
,1062,795892743,,35,0,,motorway,1,-112.0381151,33.4677493,,,,1000,1000,boundary
,1102,1376591423,motorway_junction,,0,,motorway,0,-112.0303931,33.4621669,,,,0,0,
,1104,1387218463,traffic_signals,8,1,,residential,0,-112.0693488,33.4623627,24,,,10,10,residential
,1105,1387218464,traffic_signals,8,1,,residential,0,-112.0693494,33.462447,24,,,10,10,residential
,1173,1502088462,traffic_signals,,1,,primary,0,-112.0380845,33.4473677,35,,,0,0,
,1174,1502088464,traffic_signals,,1,,primary,0,-112.0365683,33.4473708,23,,,0,0,
,1183,1502088635,traffic_signals,,1,,primary,0,-112.0365511,33.4481986,33,,,0,0,
,1194,1502088692,traffic_signals,,1,,primary,0,-112.038064,33.4482173,,,,0,0,
,1200,1502088798,,,0,,primary,0,-112.0388777,33.4483631,,,,0,0,
,1203,1502088889,motorway_junction,,0,,motorway,0,-112.038067,33.4488899,,,,0,0,
,1308,1584636912,motorway_junction,,0,,motorway,0,-112.0699529,33.4621454,,,,0,0,
,1314,1611113177,,,0,,motorway,0,-112.069215,33.4620093,,,,0,0,
,1315,1617171540,,41,0,,motorway,1,-112.0369377,33.444417,,,,1000,1000,boundary
,1317,1617171690,,,0,,primary,0,-112.0389339,33.4471663,,,,0,0,
,1318,1617171827,,,0,,motorway,0,-112.0366779,33.4458227,,,,0,0,
,1319,1617171964,,,0,,motorway,0,-112.03812,33.446778,,,,0,0,
,1320,1617171987,,,0,,motorway,0,-112.036548,33.4486508,,,,0,0,
,1324,1617172055,,,0,,motorway,0,-112.0365216,33.4462552,,,,0,0,
,1345,1686021901,,,0,,secondary,0,-112.0373088,33.4657311,,,,0,0,
,1348,1686021911,traffic_signals,,1,,motorway,0,-112.0381752,33.4657345,29,,,0,0,
,1349,1686021912,traffic_signals,,1,,motorway,0,-112.0380031,33.4657346,29,,,0,0,
,1355,1686021936,,,0,,secondary,0,-112.0388263,33.4659041,,,,0,0,
,1356,1686021938,,,0,,secondary,0,-112.037309,33.4659066,,,,0,0,
,1357,1686021940,traffic_signals,,1,,motorway,0,-112.0380362,33.4658972,29,,,0,0,
,1358,1686021941,traffic_signals,,1,,secondary,0,-112.0381685,33.4658986,29,,,0,0,
,1359,1759242425,,,0,,secondary,0,-112.0301798,33.4627763,,,,0,0,
,1360,1802194707,motorway_junction,,0,,motorway,0,-112.0908468,33.4614707,,,,0,0,
,1361,1878604147,,,0,,secondary,0,-112.108744,33.4473448,,,,0,0,
,1363,1878609956,,,0,,motorway,0,-112.1083933,33.4562661,,,,0,0,
,1364,1919639093,,,0,,primary,0,-112.0361067,33.448352,,,,0,0,
,1365,1945648748,traffic_signals,,1,,secondary,0,-112.0377898,33.4657346,29,,,0,0,
,1366,1945648750,,,0,,secondary,0,-112.0383997,33.4657427,,,,0,0,
,1367,1945648751,traffic_signals,,1,,motorway,0,-112.0380894,33.4657798,29,,,0,0,
,1368,1945648753,traffic_signals,,1,,motorway,0,-112.0379876,33.4658224,29,,,0,0,
,1369,1945648761,traffic_signals,,1,,motorway,0,-112.0381912,33.4658313,29,,,0,0,
,1370,1945648763,traffic_signals,,1,,motorway,0,-112.0380995,33.4658703,29,,,0,0,
,1371,1945648768,,,0,,secondary,0,-112.0378218,33.4658951,,,,0,0,
,1372,1945648769,traffic_signals,,1,,secondary,0,-112.0383307,33.4659003,29,,,0,0,
,1375,2059776968,,,0,,primary,0,-112.0650331,33.4639365,,,,0,0,
,1376,2059776970,,3,0,,residential,0,-112.0652302,33.4639347,,,,10,10,residential
,1378,2125926337,,,0,,primary,0,-112.0361249,33.4472147,,,,0,0,
,1390,2281519345,traffic_signals,,1,,secondary,0,-112.0825551,33.4606641,,,,0,0,
,1405,2297839361,,35,0,,motorway,1,-112.0383557,33.467691,,,,1000,1000,boundary
,1410,2361888653,,,0,,secondary,0,-112.0825434,33.459788,,,,0,0,
,1411,2361888663,traffic_signals,,1,,secondary,0,-112.0827515,33.4609405,5,,,0,0,
,1412,2361888665,traffic_signals,,1,,secondary,0,-112.0825578,33.4609223,12,,,0,0,
,1413,2361888668,traffic_signals,,1,,motorway,0,-112.0825615,33.4610676,12,,,0,0,
,1414,2361888671,,,0,,secondary,0,-112.0825808,33.4621104,,,,0,0,
,1417,2367444594,,,0,,motorway,0,-112.0826049,33.4609973,,,,0,0,
,1418,2367444595,,,0,,motorway,0,-112.0827125,33.4610153,,,,0,0,
,1419,2367444599,,,0,,motorway,0,-112.0826629,33.4611238,,,,0,0,
,1431,2567453408,,,0,,motorway,0,-112.0631075,33.4625836,,,,0,0,
,1436,2963972274,,,0,,secondary,0,-112.0303295,33.4613351,,,,0,0,
,1438,2963975232,,,0,,motorway,0,-112.0302332,33.4621137,,,,0,0,
,1439,2963983934,,,0,,motorway,0,-112.0302552,33.4620885,,,,0,0,
,1440,2963983938,,,0,,secondary,0,-112.0303312,33.4619717,,,,0,0,
,1441,2963983940,,,0,,secondary,0,-112.0303331,33.4622737,,,,0,0,
,1442,2963983943,,,0,,motorway,0,-112.0302746,33.4621185,,,,0,0,
,1443,2963983944,,,0,,secondary,0,-112.0301792,33.4619754,,,,0,0,
,1444,2963983949,,,0,,motorway,0,-112.0302531,33.462144,,,,0,0,
,1445,2963983952,,,0,,secondary,0,-112.0301792,33.4622654,,,,0,0,
,1464,2990395946,,,0,,primary,0,-112.0651113,33.4607326,,,,0,0,
,1467,2990395954,,,0,,primary,0,-112.0653007,33.4609699,,,,0,0,
,1470,2990402783,,,0,,primary,0,-112.0652833,33.4618826,,,,0,0,
,1471,2990405771,traffic_signals,,1,,primary,0,-112.0650827,33.4618833,,,,0,0,
,1473,2990405775,traffic_signals,,1,,primary,0,-112.065268,33.4625938,,,,0,0,
,1474,2990405776,,,0,,primary,0,-112.0650651,33.4625878,,,,0,0,
,1480,3033927434,,,0,,motorway,0,-112.0384112,33.4645892,,,,0,0,
,1481,3033927435,,,0,,motorway,0,-112.0384297,33.4645924,,,,0,0,
,1486,3073054588,traffic_signals,,1,,primary,0,-112.100096,33.461232,,,,0,0,
,1491,3098175526,,,0,,motorway,0,-112.0365617,33.4446653,,,,0,0,
,1497,3171906913,,45,0,,motorway,1,-112.1083013,33.4466679,,,,1000,1000,boundary
,1498,3171906920,,,0,,motorway,0,-112.1083107,33.4494891,,,,0,0,
,1502,3171919563,,,0,,motorway,0,-112.1084137,33.4570564,,,,0,0,
,1506,3182198587,,,0,,secondary,0,-112.0476478,33.4626233,,,,0,0,
,1507,3182198591,traffic_signals,,1,,motorway,0,-112.0478028,33.462626,,,,0,0,
,1509,3182204014,,,0,,secondary,0,-112.0476222,33.4615788,,,,0,0,
,1523,3380634762,,,0,,motorway,0,-112.0649782,33.4632585,,,,0,0,
,1524,3380636093,,,0,,motorway,0,-112.0650748,33.4622804,,,,0,0,
,1525,3380636098,,,0,,primary,0,-112.0650788,33.4621007,,,,0,0,
,1526,3380636100,traffic_signals,,1,,motorway,0,-112.0651553,33.4621878,,,,0,0,
,1527,3380636101,,,0,,motorway,0,-112.0651932,33.462239,,,,0,0,
,1528,3380636618,,,0,,primary,0,-112.0652775,33.4623274,,,,0,0,
,1529,3380636620,,,0,,motorway,0,-112.0652807,33.4621377,,,,0,0,
,1530,3380637228,traffic_signals,,1,,motorway,0,-112.0652189,33.4622069,,,,0,0,
,1531,3380637229,,,0,,motorway,0,-112.0651862,33.4621426,,,,0,0,
,1546,3601486234,,,0,,motorway,0,-112.0828502,33.4622453,,,,0,0,
,1550,3601553117,,,0,,secondary,0,-112.0827534,33.4614035,,,,0,0,
,1553,3604317948,,,0,,secondary,0,-112.0825667,33.4613999,,,,0,0,
,1559,3610212833,,,0,,motorway,0,-112.08265,33.4609002,,,,0,0,
,1568,3632428166,,,0,,motorway,0,-112.0964644,33.4613913,,,,0,0,
,1596,4052866302,,,0,,secondary,0,-112.0301792,33.4620377,,,,0,0,
,1606,4089075691,,,0,,motorway,0,-112.0301792,33.4621602,,,,0,0,
,1607,4100193471,,,0,,secondary,0,-112.0303324,33.4621602,,,,0,0,
,1608,4100201655,,,0,,motorway,0,-112.0303317,33.462051,,,,0,0,
,1756,4347952497,,7,0,,residential,0,-112.0827694,33.4627444,,,,10,10,residential
,1806,4347976165,,,0,,motorway,0,-112.0483007,33.4615783,,,,0,0,
,1819,4348027989,,,0,,motorway,0,-112.0365615,33.4477002,,,,0,0,
,1820,4348027990,,,0,,motorway,0,-112.0380718,33.4478223,,,,0,0,
,1828,4348028003,,,0,,motorway,0,-112.0380488,33.4493801,,,,0,0,
,1839,4351688108,,,0,,motorway,0,-112.0818554,33.4612982,,,,0,0,
,1840,4351688109,,,0,,motorway,0,-112.0805595,33.4614847,,,,0,0,
,1841,4351688110,,,0,,motorway,0,-112.0665452,33.4621324,,,,0,0,
,1842,4351688111,,,0,,motorway,0,-112.0679223,33.4622207,,,,0,0,
,1843,4351688112,,,0,,motorway,0,-112.0685514,33.462457,,,,0,0,
,1844,4351712703,,,0,,motorway,0,-112.108669,33.4475566,,,,0,0,
,1845,4351712704,,,0,,motorway,0,-112.1083079,33.4484916,,,,0,0,
,1848,4351745716,,,0,,motorway,0,-112.0991162,33.4621309,,,,0,0,
,1851,4353053983,,,0,,motorway,0,-112.0375785,33.4504188,,,,0,0,
,1857,4518646933,,,0,,motorway,0,-112.0300885,33.4613136,,,,0,0,
,1870,5128553716,,,0,,motorway,0,-112.0386285,33.4646315,,,,0,0,
,1871,5130216231,,,0,,motorway,0,-112.0379384,33.4499095,,,,0,0,
,1872,5130216232,traffic_signals,,1,,motorway,0,-112.0379192,33.445142,,,,0,0,
,1873,5130629629,traffic_signals,,1,,motorway,0,-112.062474,33.4615553,,,,0,0,
,1874,5130629635,,,0,,motorway,0,-112.0491907,33.4615789,,,,0,0,
,1875,5130629636,,,0,,motorway,0,-112.0498118,33.4616087,,,,0,0,
,1876,5130629637,,,0,,motorway,0,-112.0623002,33.4624382,,,,0,0,
,1877,5130629639,,,0,,motorway,0,-112.0383179,33.4652011,,,,0,0,
,1880,5134826462,,,0,,motorway,0,-112.0880899,33.4611032,,,,0,0,
,1881,5134826463,,,0,,motorway,0,-112.0807916,33.4607834,,,,0,0,
,1882,5134826464,,,0,,motorway,0,-112.0681246,33.4618896,,,,0,0,
,1883,5134826465,,,0,,motorway,0,-112.0674399,33.4629585,,,,0,0,
,1884,5134826466,,,0,,motorway,0,-112.0809298,33.4616547,,,,0,0,
,1885,5134826467,,,0,,motorway,0,-112.0802779,33.4617454,,,,0,0,
,1886,5134826473,,,0,,motorway,0,-112.1085732,33.4483417,,,,0,0,
,1887,5134826474,,,0,,motorway,0,-112.1082768,33.4535833,,,,0,0,
,1924,5178237320,traffic_signals,,1,,primary,0,-112.100022,33.4621355,,,,0,0,
,1964,5235214674,,37,0,,motorway,1,-112.0294535,33.4625236,,,,1000,1000,boundary
,1965,5243904118,,,0,,motorway,0,-112.0370302,33.4490178,,,,0,0,
,1966,5243904119,,,0,,motorway,0,-112.0371057,33.4485412,,,,0,0,
,1980,5632104285,,,0,,motorway,0,-112.0370507,33.448539,,,,0,0,
,2009,6377651809,,,0,,motorway,0,-112.1080022,33.4639062,,,,0,0,
,2010,6377651819,,,0,,motorway,0,-112.1074995,33.4589407,,,,0,0,
,2017,6737201365,,,0,,motorway,0,-112.0505359,33.4616743,,,,0,0,
,2018,6737201373,,,0,,motorway,0,-112.0484005,33.4626247,,,,0,0,
,2020,6985974104,,,0,,motorway,0,-112.0396383,33.4629189,,,,0,0,
,2034,8251842678,,,0,,motorway,0,-112.1080232,33.4567256,,,,0,0,
